latent_dim,modality,orig_index,class_idx,class_name,PC1,PC2,PC3
128,PROT,0,12,monocyte,0.76395905,-0.46184465,0.13607071
128,PROT,1,12,monocyte,0.8248026,-0.52675474,0.16293947
128,PROT,2,12,monocyte,0.74766,-0.45012864,0.13709454
128,PROT,3,10,macrophage,0.36601627,0.24312776,-0.059059422
128,PROT,4,12,monocyte,0.7607784,-0.42932937,0.15237695
128,PROT,5,10,macrophage,0.3921894,0.16045904,-0.051551763
128,PROT,6,10,macrophage,0.2899611,0.29476294,-0.09364824
128,PROT,7,12,monocyte,0.7622919,-0.42111015,0.15229274
128,PROT,8,12,monocyte,0.7488284,-0.3175785,0.07495659
128,PROT,9,12,monocyte,0.76248485,-0.43246982,0.15027079
128,PROT,10,10,macrophage,0.33582833,0.24706793,-0.061344463
128,PROT,11,12,monocyte,0.76280826,-0.43732664,0.13193095
128,PROT,12,12,monocyte,0.7584328,-0.451577,0.13074662
128,PROT,13,12,monocyte,0.76084906,-0.43952718,0.14308095
128,PROT,14,10,macrophage,0.3694083,0.16115928,-0.051647548
128,PROT,15,12,monocyte,0.7364286,-0.25163057,0.09676689
128,PROT,16,10,macrophage,0.36990526,0.17373481,-0.050644856
128,PROT,17,12,monocyte,0.7540079,-0.454111,0.14634684
128,PROT,18,12,monocyte,0.8471061,-0.54296815,0.15172657
128,PROT,19,12,monocyte,0.7581076,-0.43643507,0.14336847
128,PROT,20,12,monocyte,0.84315974,-0.5064209,0.15058737
128,PROT,21,12,monocyte,0.7353718,-0.463652,0.12711105
128,PROT,22,10,macrophage,0.38872325,0.17154509,-0.043962773
128,PROT,23,12,monocyte,0.8444588,-0.5013534,0.16977821
128,PROT,24,12,monocyte,0.7570791,-0.43664846,0.13991468
128,PROT,25,12,monocyte,0.7666371,-0.4462396,0.13746162
128,PROT,26,12,monocyte,0.82217216,-0.5125067,0.17298909
128,PROT,27,12,monocyte,0.8314192,-0.50989693,0.15886724
128,PROT,28,12,monocyte,0.8192848,-0.5651976,0.1494605
128,PROT,29,12,monocyte,0.7456814,-0.4574668,0.13433032
128,PROT,30,10,macrophage,0.38419458,0.17767683,-0.04181311
128,PROT,31,12,monocyte,0.82390356,-0.449668,0.15627179
128,PROT,32,10,macrophage,0.35590243,0.23385805,-0.06461705
128,PROT,33,12,monocyte,0.7550348,-0.45025003,0.12676063
128,PROT,34,12,monocyte,0.75128114,-0.45249984,0.14144781
128,PROT,35,12,monocyte,0.7529459,-0.44790164,0.14341144
128,PROT,36,12,monocyte,0.7501085,-0.44265905,0.14431632
128,PROT,37,12,monocyte,0.75909317,-0.4522347,0.13079728
128,PROT,38,12,monocyte,0.7629623,-0.43167114,0.14778027
128,PROT,39,10,macrophage,0.3809261,0.15610859,-0.03937913
128,PROT,40,12,monocyte,0.8522099,-0.55560505,0.14987838
128,PROT,41,12,monocyte,0.7388254,-0.46871698,0.1303366
128,PROT,42,10,macrophage,0.37076822,0.17234233,-0.048469175
128,PROT,43,10,macrophage,0.36320356,0.13535184,-0.041120213
128,PROT,44,12,monocyte,0.75826126,-0.45488346,0.11158131
128,PROT,45,12,monocyte,0.7608807,-0.4430402,0.13274579
128,PROT,46,12,monocyte,0.754881,-0.4513654,0.1392583
128,PROT,47,12,monocyte,0.75575686,-0.45651588,0.12333667
128,PROT,48,12,monocyte,0.8457104,-0.5150843,0.14043747
128,PROT,49,12,monocyte,0.7607595,-0.44075975,0.14041089
128,PROT,50,12,monocyte,0.84178984,-0.5233269,0.17520046
128,PROT,51,12,monocyte,0.8651184,-0.5445607,0.15986021
128,PROT,52,12,monocyte,0.7599095,-0.45086563,0.1331919
128,PROT,53,12,monocyte,0.8179014,-0.5150532,0.14654711
128,PROT,54,12,monocyte,0.75624967,-0.4465919,0.12964733
128,PROT,55,12,monocyte,0.8605938,-0.5626642,0.13973685
128,PROT,56,12,monocyte,0.7525883,-0.43465927,0.15792581
128,PROT,57,10,macrophage,0.38026765,0.16328451,-0.06393856
128,PROT,58,12,monocyte,0.84146416,-0.5195397,0.16182515
128,PROT,59,12,monocyte,0.7552931,-0.44564158,0.13652964
128,PROT,60,10,macrophage,0.39031652,0.16605935,-0.044049952
128,PROT,61,10,macrophage,0.39429742,0.17439881,-0.04670589
128,PROT,62,12,monocyte,0.82527363,-0.4883745,0.13180625
128,PROT,63,12,monocyte,0.8484963,-0.51558864,0.16187677
128,PROT,64,12,monocyte,0.8536607,-0.54196805,0.1681467
128,PROT,65,12,monocyte,0.75895107,-0.4544576,0.128244
128,PROT,66,10,macrophage,0.39278707,0.16507381,-0.047817025
128,PROT,67,10,macrophage,0.38408798,0.16907352,-0.05768357
128,PROT,68,10,macrophage,0.38163996,0.17195061,-0.05548205
128,PROT,69,12,monocyte,0.8107444,-0.42983264,0.095103055
128,PROT,70,10,macrophage,0.37518516,0.16777045,-0.045984905
128,PROT,71,12,monocyte,0.7427346,-0.45514518,0.12875175
128,PROT,72,12,monocyte,0.8389738,-0.4803997,0.1574843
128,PROT,73,12,monocyte,0.7511887,-0.44998357,0.12957364
128,PROT,74,12,monocyte,0.75113976,-0.44499335,0.14591934
128,PROT,75,12,monocyte,0.7591561,-0.4391574,0.13937874
128,PROT,76,12,monocyte,0.85317194,-0.5078379,0.1587032
128,PROT,77,12,monocyte,0.7550211,-0.4439739,0.11737655
128,PROT,78,12,monocyte,0.7460787,-0.45698592,0.13426612
128,PROT,79,12,monocyte,0.8209655,-0.5414439,0.16053616
128,PROT,80,12,monocyte,0.75977933,-0.4512457,0.1292048
128,PROT,81,12,monocyte,0.7584765,-0.42150775,0.14861496
128,PROT,82,10,macrophage,0.28235608,0.30272797,-0.08394946
128,PROT,83,10,macrophage,0.38370714,0.17196006,-0.04963844
128,PROT,84,12,monocyte,0.7605103,-0.4527124,0.1302324
128,PROT,85,10,macrophage,0.38701528,0.1465747,-0.05074614
128,PROT,86,12,monocyte,0.7505536,-0.45039687,0.14649133
128,PROT,87,12,monocyte,0.86334705,-0.510758,0.14769562
128,PROT,88,10,macrophage,0.36741263,0.17008597,-0.042391706
128,PROT,89,12,monocyte,0.8439565,-0.54724914,0.1459158
128,PROT,90,10,macrophage,0.38996014,0.1611729,-0.04905157
128,PROT,91,12,monocyte,0.82091296,-0.53449684,0.14044993
128,PROT,92,12,monocyte,0.7594465,-0.44548613,0.12746167
128,PROT,93,12,monocyte,0.8243973,-0.5400747,0.16733663
128,PROT,94,12,monocyte,0.75704193,-0.42864066,0.14885755
128,PROT,95,12,monocyte,0.7543073,-0.46768054,0.12752949
128,PROT,96,12,monocyte,0.75076413,-0.45255882,0.13682325
128,PROT,97,10,macrophage,0.31135425,0.28121555,-0.078572094
128,PROT,98,12,monocyte,0.7522882,-0.45533472,0.12853399
128,PROT,99,12,monocyte,0.76676476,-0.4359634,0.14553937
128,PROT,100,12,monocyte,0.75447965,-0.4539475,0.13082278
128,PROT,101,12,monocyte,0.7534965,-0.44893995,0.1323571
128,PROT,102,10,macrophage,0.3807186,0.1763913,-0.06483266
128,PROT,103,12,monocyte,0.8245472,-0.5081954,0.18592523
128,PROT,104,12,monocyte,0.7631263,-0.44373104,0.1317603
128,PROT,105,10,macrophage,0.46603826,0.08475084,-0.047375802
128,PROT,106,12,monocyte,0.75417334,-0.439524,0.13998187
128,PROT,107,12,monocyte,0.8482894,-0.49130684,0.15421219
128,PROT,108,12,monocyte,0.7708746,-0.42317915,0.12919478
128,PROT,109,12,monocyte,0.825753,-0.5280708,0.17144887
128,PROT,110,10,macrophage,0.31782058,0.29197168,-0.076125786
128,PROT,111,12,monocyte,0.833233,-0.46825626,0.119486645
128,PROT,112,12,monocyte,0.7439668,-0.45361912,0.13474143
128,PROT,113,10,macrophage,0.38205263,0.1783404,-0.0485161
128,PROT,114,10,macrophage,0.38286757,0.15510643,-0.04234833
128,PROT,115,12,monocyte,0.7523252,-0.4576979,0.13672343
128,PROT,116,10,macrophage,0.37800425,0.15943313,-0.06258196
128,PROT,117,12,monocyte,0.8172282,-0.47649372,0.11156073
128,PROT,118,12,monocyte,0.75822467,-0.44593862,0.14583454
128,PROT,119,12,monocyte,0.75973356,-0.45765975,0.13619031
128,PROT,120,12,monocyte,0.74933136,-0.43877757,0.1427765
128,PROT,121,12,monocyte,0.7573645,-0.44689924,0.124265224
128,PROT,122,12,monocyte,0.82771116,-0.5018915,0.12772518
128,PROT,123,10,macrophage,0.3809601,0.17720586,-0.057982627
128,PROT,124,12,monocyte,0.7455561,-0.45025834,0.12720165
128,PROT,125,12,monocyte,0.76348877,-0.43370652,0.12902477
128,PROT,126,12,monocyte,0.7565507,-0.43045342,0.14725815
128,PROT,127,12,monocyte,0.8335763,-0.5117201,0.18323952
128,PROT,128,10,macrophage,0.38317835,0.1662538,-0.04154059
128,PROT,129,10,macrophage,0.2945706,0.24235052,-0.07483363
128,PROT,130,12,monocyte,0.74218786,-0.44613695,0.14576754
128,PROT,131,12,monocyte,0.76065457,-0.44388086,0.13217553
128,PROT,132,12,monocyte,0.8157215,-0.4535701,0.13934986
128,PROT,133,12,monocyte,0.75655943,-0.4564162,0.11844921
128,PROT,134,12,monocyte,0.8393004,-0.5555054,0.16180912
128,PROT,135,12,monocyte,0.7688547,-0.4294395,0.13426305
128,PROT,136,10,macrophage,0.38265717,0.15451881,-0.035812017
128,PROT,137,10,macrophage,0.37879714,0.15902388,-0.05841769
128,PROT,138,10,macrophage,0.3772235,0.173222,-0.056654017
128,PROT,139,12,monocyte,0.8425087,-0.524173,0.14191605
128,PROT,140,12,monocyte,0.75441647,-0.44991913,0.12850265
128,PROT,141,12,monocyte,0.75421107,-0.45016754,0.12374997
128,PROT,142,12,monocyte,0.75782824,-0.429122,0.13433154
128,PROT,143,10,macrophage,0.37675884,0.16386205,-0.057828765
128,PROT,144,12,monocyte,0.8628503,-0.4244176,0.123136476
128,PROT,145,12,monocyte,0.7549809,-0.43896943,0.13328172
128,PROT,146,12,monocyte,0.7492648,-0.46117404,0.12590684
128,PROT,147,12,monocyte,0.82293236,-0.53477085,0.18532999
128,PROT,148,12,monocyte,0.8413861,-0.5448082,0.14983712
128,PROT,149,12,monocyte,0.4906073,0.061075322,-0.017249972
128,PROT,150,12,monocyte,0.75876665,-0.4363378,0.11792068
128,PROT,151,12,monocyte,0.7524625,-0.4462693,0.13778362
128,PROT,152,12,monocyte,0.7447437,-0.44707298,0.13694511
128,PROT,153,10,macrophage,0.37475243,0.16510832,-0.059672613
128,PROT,154,10,macrophage,0.3842504,0.178862,-0.051762145
128,PROT,155,12,monocyte,0.74900115,-0.4428937,0.14206111
128,PROT,156,12,monocyte,0.8239372,-0.5067194,0.15164079
128,PROT,157,12,monocyte,0.7582424,-0.44373918,0.14894092
128,PROT,158,12,monocyte,0.75770974,-0.44916767,0.12707579
128,PROT,159,10,macrophage,0.36733645,0.18142301,-0.053737234
128,PROT,160,12,monocyte,0.7598486,-0.45302287,0.12772457
128,PROT,161,10,macrophage,0.39060557,0.17340574,-0.03805951
128,PROT,162,10,macrophage,0.40141466,0.15249896,-0.023022834
128,PROT,163,12,monocyte,0.7696849,-0.42768773,0.1401218
128,PROT,164,12,monocyte,0.7511314,-0.45465916,0.14565821
128,PROT,165,10,macrophage,0.37397176,0.15538293,-0.047770906
128,PROT,166,12,monocyte,0.82975256,-0.4992129,0.16517393
128,PROT,167,12,monocyte,0.7985151,-0.43853366,0.08134814
128,PROT,168,12,monocyte,0.74984515,-0.44276804,0.13567744
128,PROT,169,12,monocyte,0.8226993,-0.52410954,0.1554545
128,PROT,170,12,monocyte,0.75334865,-0.4402651,0.12974072
128,PROT,171,12,monocyte,0.8419788,-0.53623486,0.1712329
128,PROT,172,12,monocyte,0.7564113,-0.43575,0.11951125
128,PROT,173,12,monocyte,0.83049774,-0.5074659,0.123745486
128,PROT,174,12,monocyte,0.83070433,-0.4675336,0.14153871
128,PROT,175,12,monocyte,0.8302453,-0.54521066,0.14605102
128,PROT,176,12,monocyte,0.76757836,-0.43396738,0.12901564
128,PROT,177,10,macrophage,0.3390333,0.28302112,-0.059591454
128,PROT,178,12,monocyte,0.84004927,-0.5399959,0.12576042
128,PROT,179,10,macrophage,0.49764287,0.07864112,-0.035369806
128,PROT,180,12,monocyte,0.8489152,-0.51584625,0.15249574
128,PROT,181,12,monocyte,0.846285,-0.52456534,0.18272118
128,PROT,182,12,monocyte,0.75455445,-0.45436817,0.13488936
128,PROT,183,12,monocyte,0.7671428,-0.4334264,0.13855134
128,PROT,184,12,monocyte,0.84733,-0.5394541,0.15244512
128,PROT,185,12,monocyte,0.7559718,-0.44953007,0.13436404
128,PROT,186,12,monocyte,0.8084062,-0.49265847,0.14964356
128,PROT,187,10,macrophage,0.6510315,-0.13102329,0.042295355
128,PROT,188,10,macrophage,0.37626782,0.19626167,-0.05565836
128,PROT,189,12,monocyte,0.76372313,-0.44737467,0.13106236
128,PROT,190,12,monocyte,0.8232248,-0.517086,0.15443806
128,PROT,191,12,monocyte,0.8161737,-0.40865055,0.12427884
128,PROT,192,12,monocyte,0.7437288,-0.45038977,0.13246784
128,PROT,193,12,monocyte,0.75500274,-0.4468421,0.1141721
128,PROT,194,10,macrophage,0.37873867,0.1887444,-0.049498525
128,PROT,195,12,monocyte,0.8310988,-0.5295938,0.16544725
128,PROT,196,10,macrophage,0.36402422,0.18928018,-0.055799898
128,PROT,197,12,monocyte,0.75018245,-0.47042945,0.12205458
128,PROT,198,12,monocyte,0.78895926,-0.45879388,0.16041265
128,PROT,199,12,monocyte,0.75473577,-0.44489974,0.13481109
128,PROT,200,12,monocyte,0.8329319,-0.5405696,0.1538255
128,PROT,201,12,monocyte,0.74321204,-0.4580581,0.12002723
128,PROT,202,12,monocyte,0.83615166,-0.52856934,0.16312657
128,PROT,203,10,macrophage,0.43875498,0.11939771,-0.06713496
128,PROT,204,12,monocyte,0.7506468,-0.45389107,0.118062854
128,PROT,205,10,macrophage,0.4009614,0.17691872,-0.06513226
128,PROT,206,12,monocyte,0.7597325,-0.43499345,0.14745452
128,PROT,207,12,monocyte,0.7500416,-0.45485926,0.13497826
128,PROT,208,10,macrophage,0.36627004,0.15086782,-0.06655525
128,PROT,209,12,monocyte,0.758671,-0.4518453,0.13207933
128,PROT,210,12,monocyte,0.8329325,-0.5168178,0.17571577
128,PROT,211,12,monocyte,0.7590014,-0.43166462,0.12258743
128,PROT,212,12,monocyte,0.75610137,-0.43507785,0.14015827
128,PROT,213,12,monocyte,0.766349,-0.43263942,0.1484283
128,PROT,214,12,monocyte,0.7577108,-0.45058694,0.12766966
128,PROT,215,10,macrophage,0.40664193,0.17845476,-0.08103426
128,PROT,216,10,macrophage,0.36011985,0.17592305,-0.053344812
128,PROT,217,12,monocyte,0.7660774,-0.43251252,0.1320248
128,PROT,218,12,monocyte,0.74625295,-0.43391392,0.15744741
128,PROT,219,12,monocyte,0.7550689,-0.47011983,0.119794905
128,PROT,220,12,monocyte,0.74360627,-0.46243247,0.1369854
128,PROT,221,10,macrophage,0.408195,0.17737952,-0.03962699
128,PROT,222,12,monocyte,0.763166,-0.45217365,0.11383475
128,PROT,223,10,macrophage,0.27354684,0.30894884,-0.07388002
128,PROT,224,10,macrophage,0.38896668,0.15339899,-0.03434643
128,PROT,225,12,monocyte,0.7478583,-0.46035528,0.11671373
128,PROT,226,12,monocyte,0.755818,-0.4557133,0.11385465
128,PROT,227,10,macrophage,0.30858192,0.2729442,-0.08165619
128,PROT,228,12,monocyte,0.7560762,-0.44530106,0.12985736
128,PROT,229,10,macrophage,0.36868864,0.17184407,-0.04195446
128,PROT,230,12,monocyte,0.7611902,-0.449719,0.1418655
128,PROT,231,12,monocyte,0.82780224,-0.5134511,0.1640603
128,PROT,232,12,monocyte,0.75923574,-0.44118306,0.12435189
128,PROT,233,12,monocyte,0.7555429,-0.4444454,0.13577098
128,PROT,234,10,macrophage,0.3720619,0.15768448,-0.06878853
128,PROT,235,12,monocyte,0.75201666,-0.46134228,0.12508994
128,PROT,236,10,macrophage,0.34686753,0.2846029,-0.05098651
128,PROT,237,12,monocyte,0.8523692,-0.50352854,0.17076816
128,PROT,238,10,macrophage,0.37834808,0.17423105,-0.053407814
128,PROT,239,12,monocyte,0.7539144,-0.4564618,0.1379622
128,PROT,240,12,monocyte,0.7632263,-0.42839792,0.14209072
128,PROT,241,10,macrophage,0.3822982,0.16473624,-0.050537366
128,PROT,242,10,macrophage,0.5040406,0.06974725,-0.028935075
128,PROT,243,12,monocyte,0.7578212,-0.45938233,0.13020554
128,PROT,244,10,macrophage,0.38569507,0.17779836,-0.050373074
128,PROT,245,12,monocyte,0.8126669,-0.48147163,0.12138711
128,PROT,246,10,macrophage,0.3683736,0.1639559,-0.054950822
128,PROT,247,10,macrophage,0.36044028,0.17345318,-0.03283161
128,PROT,248,10,macrophage,0.29718915,0.2883094,-0.071052626
128,PROT,249,12,monocyte,0.8485143,-0.4770076,0.13759731
128,PROT,250,12,monocyte,0.8272438,-0.5196587,0.18496591
128,PROT,251,12,monocyte,0.75522304,-0.44805777,0.14129871
128,PROT,252,10,macrophage,0.3814997,0.15210041,-0.046641547
128,PROT,253,12,monocyte,0.7588414,-0.43342644,0.1459816
128,PROT,254,12,monocyte,0.8335459,-0.5012364,0.13444479
128,PROT,255,12,monocyte,0.828086,-0.5461953,0.15337144
128,PROT,256,12,monocyte,0.8476181,-0.5400629,0.14487982
128,PROT,257,12,monocyte,0.83887935,-0.47957948,0.1658203
128,PROT,258,10,macrophage,0.39440957,0.15684599,-0.04990894
128,PROT,259,12,monocyte,0.75416166,-0.43772703,0.13016948
128,PROT,260,12,monocyte,0.75135374,-0.44225448,0.13552938
128,PROT,261,10,macrophage,0.37223068,0.1779488,-0.05210503
128,PROT,262,12,monocyte,0.74924886,-0.44723186,0.1402477
128,PROT,263,12,monocyte,0.7626209,-0.44052193,0.13370682
128,PROT,264,10,macrophage,0.30747852,0.30724502,-0.08878209
128,PROT,265,12,monocyte,0.84044874,-0.50025517,0.15112214
128,PROT,266,10,macrophage,0.3696011,0.23946273,-0.06201559
128,PROT,267,12,monocyte,0.75232005,-0.4736269,0.11407916
128,PROT,268,12,monocyte,0.75824827,-0.44386226,0.14700422
128,PROT,269,12,monocyte,0.8077141,-0.45946953,0.13803206
128,PROT,270,12,monocyte,0.75425017,-0.43682212,0.13177097
128,PROT,271,12,monocyte,0.8193991,-0.5410689,0.15939988
128,PROT,272,12,monocyte,0.7616229,-0.4499445,0.12158376
128,PROT,273,12,monocyte,0.76399255,-0.4400844,0.13114925
128,PROT,274,10,macrophage,0.37732536,0.15708396,-0.053815488
128,PROT,275,12,monocyte,0.8204823,-0.52732694,0.16381676
128,PROT,276,10,macrophage,0.37654546,0.16483045,-0.050915543
128,PROT,277,12,monocyte,0.7609525,-0.441721,0.123849764
128,PROT,278,12,monocyte,0.75167495,-0.4507284,0.143954
128,PROT,279,12,monocyte,0.75580144,-0.4475879,0.121704474
128,PROT,280,10,macrophage,0.37322158,0.18643183,-0.041265886
128,PROT,281,12,monocyte,0.7483239,-0.4613487,0.10993604
128,PROT,282,12,monocyte,0.7595496,-0.45034924,0.12987168
128,PROT,283,12,monocyte,0.75687045,-0.43918836,0.11505936
128,PROT,284,12,monocyte,0.75390494,-0.43654972,0.1387854
128,PROT,285,12,monocyte,0.75949347,-0.43879306,0.12596482
128,PROT,286,10,macrophage,0.29961172,0.2847767,-0.07763836
128,PROT,287,12,monocyte,0.7520715,-0.4540646,0.13951653
128,PROT,288,12,monocyte,0.764523,-0.43718442,0.14865734
128,PROT,289,10,macrophage,0.3756806,0.17847732,-0.043558788
128,PROT,290,10,macrophage,0.36861426,0.17729703,-0.030748658
128,PROT,291,12,monocyte,0.74442613,-0.45969105,0.13323879
128,PROT,292,12,monocyte,0.80178,-0.42074987,0.13720153
128,PROT,293,12,monocyte,0.8407705,-0.5268328,0.12767977
128,PROT,294,12,monocyte,0.8529395,-0.5289638,0.17441912
128,PROT,295,12,monocyte,0.752233,-0.4570442,0.13862202
128,PROT,296,10,macrophage,0.42882583,0.15815005,-0.047109324
128,PROT,297,10,macrophage,0.39055142,0.17293355,-0.039781574
128,PROT,298,12,monocyte,0.7676482,-0.42894197,0.14038102
128,PROT,299,10,macrophage,0.36553887,0.22155258,-0.09372765
128,PROT,300,12,monocyte,0.76816916,-0.45926726,0.13803536
128,PROT,301,12,monocyte,0.761577,-0.45420966,0.12962657
128,PROT,302,12,monocyte,0.8475791,-0.54453737,0.15784955
128,PROT,303,12,monocyte,0.79775155,-0.45578986,0.14203072
128,PROT,304,10,macrophage,0.32887948,0.2587958,-0.08651967
128,PROT,305,10,macrophage,0.3799899,0.16327602,-0.049518783
128,PROT,306,12,monocyte,0.7531903,-0.44430384,0.128763
128,PROT,307,12,monocyte,0.84842885,-0.52147675,0.16093412
128,PROT,308,12,monocyte,0.84784544,-0.53938055,0.16039485
128,PROT,309,12,monocyte,0.7638688,-0.4398523,0.126024
128,PROT,310,12,monocyte,0.74113834,-0.47465554,0.12085444
128,PROT,311,12,monocyte,0.760407,-0.43154228,0.14230838
128,PROT,312,10,macrophage,0.36732784,0.17264688,-0.04310317
128,PROT,313,10,macrophage,0.31002843,0.278345,-0.07386799
128,PROT,314,12,monocyte,0.75450075,-0.4295449,0.15590328
128,PROT,315,12,monocyte,0.7457513,-0.4675859,0.12073675
128,PROT,316,12,monocyte,0.7549156,-0.44243625,0.12888068
128,PROT,317,12,monocyte,0.84283817,-0.5409462,0.17966479
128,PROT,318,12,monocyte,0.8315253,-0.5522645,0.16622186
128,PROT,319,10,macrophage,0.3830278,0.16564465,-0.02547818
128,PROT,320,12,monocyte,0.7514747,-0.4586715,0.13931435
128,PROT,321,12,monocyte,0.8602687,-0.51169366,0.13302839
128,PROT,322,12,monocyte,0.7542993,-0.4480775,0.14954032
128,PROT,323,12,monocyte,0.8460151,-0.49750045,0.17041704
128,PROT,324,12,monocyte,0.73677605,-0.46626174,0.13373238
128,PROT,325,12,monocyte,0.81588745,-0.49311152,0.14080127
128,PROT,326,10,macrophage,0.37564242,0.18743515,-0.057797458
128,PROT,327,10,macrophage,0.36334693,0.15019113,-0.060367648
128,PROT,328,10,macrophage,0.36977497,0.15396357,-0.03738723
128,PROT,329,12,monocyte,0.8278923,-0.5383272,0.14529575
128,PROT,330,10,macrophage,0.389605,0.15662599,-0.04426292
128,PROT,331,12,monocyte,0.76034284,-0.4437585,0.12916464
128,PROT,332,12,monocyte,0.7624055,-0.4454828,0.13269088
128,PROT,333,12,monocyte,0.8421869,-0.5317714,0.1483197
128,PROT,334,12,monocyte,0.82135403,-0.49614602,0.16726696
128,PROT,335,12,monocyte,0.76997757,-0.4191375,0.1300001
128,PROT,336,12,monocyte,0.76591533,-0.4268852,0.14395835
128,PROT,337,12,monocyte,0.7528363,-0.44523373,0.13292524
128,PROT,338,10,macrophage,0.3897561,0.15597302,-0.05829933
128,PROT,339,12,monocyte,0.8358754,-0.52457184,0.15918794
128,PROT,340,12,monocyte,0.8336487,-0.5109479,0.115177974
128,PROT,341,10,macrophage,0.3832946,0.16397151,-0.052251223
128,PROT,342,12,monocyte,0.83746684,-0.5524946,0.12553166
128,PROT,343,12,monocyte,0.8541415,-0.5507148,0.1582705
128,PROT,344,12,monocyte,0.82763636,-0.51821107,0.15480693
128,PROT,345,12,monocyte,0.75477266,-0.44197145,0.14750358
128,PROT,346,12,monocyte,0.74555755,-0.45814547,0.13595228
128,PROT,347,12,monocyte,0.7543102,-0.45440835,0.1437649
128,PROT,348,12,monocyte,0.7626034,-0.44099253,0.12571211
128,PROT,349,10,macrophage,0.38097075,0.17018029,-0.04322769
128,PROT,350,10,macrophage,0.38023335,0.14510593,-0.037536398
128,PROT,351,12,monocyte,0.76331097,-0.44729605,0.12542686
128,PROT,352,10,macrophage,0.35852528,0.22989562,-0.037845545
128,PROT,353,12,monocyte,0.7570807,-0.4333926,0.13913329
128,PROT,354,12,monocyte,0.74238133,-0.45385006,0.12430033
128,PROT,355,12,monocyte,0.75702786,-0.44371235,0.15277438
128,PROT,356,10,macrophage,0.3858615,0.17720363,-0.036124106
128,PROT,357,12,monocyte,0.75027317,-0.46032748,0.12545753
128,PROT,358,12,monocyte,0.76124954,-0.4414387,0.13287511
128,PROT,359,12,monocyte,0.7503595,-0.44866502,0.13966049
128,PROT,360,12,monocyte,0.7622305,-0.43490458,0.12591168
128,PROT,361,12,monocyte,0.8547802,-0.55656046,0.13145739
128,PROT,362,12,monocyte,0.76206017,-0.4289101,0.14966089
128,PROT,363,12,monocyte,0.75153935,-0.44814384,0.1316128
128,PROT,364,12,monocyte,0.75525594,-0.43618378,0.13491085
128,PROT,365,12,monocyte,0.7618134,-0.43222207,0.12493308
128,PROT,366,10,macrophage,0.37197268,0.15811536,-0.04577965
128,PROT,367,10,macrophage,0.38210535,0.18166676,-0.046023387
128,PROT,368,12,monocyte,0.75846994,-0.4602795,0.12572871
128,PROT,369,10,macrophage,0.40987697,0.12662384,-0.066649005
128,PROT,370,12,monocyte,0.7591081,-0.44079545,0.15915374
128,PROT,371,12,monocyte,0.75862885,-0.44445172,0.123652905
128,PROT,372,12,monocyte,0.74713063,-0.44332004,0.140045
128,PROT,373,12,monocyte,0.75860107,-0.4383568,0.122562766
128,PROT,374,12,monocyte,0.75018334,-0.45487583,0.12683119
128,PROT,375,12,monocyte,0.7416333,-0.46318808,0.11418018
128,PROT,376,10,macrophage,0.38277748,0.21447444,-0.05127128
128,PROT,377,12,monocyte,0.76246214,-0.435564,0.13495375
128,PROT,378,12,monocyte,0.7528198,-0.4641761,0.1250308
128,PROT,379,10,macrophage,0.37208825,0.16739374,-0.036406413
128,PROT,380,12,monocyte,0.7514016,-0.4561125,0.14457063
128,PROT,381,12,monocyte,0.8360597,-0.47952923,0.15196373
128,PROT,382,12,monocyte,0.7601977,-0.42403573,0.14598352
128,PROT,383,12,monocyte,0.75211656,-0.45064628,0.13884817
128,PROT,384,10,macrophage,0.37469503,0.18196669,-0.04028212
128,PROT,385,10,macrophage,0.38093746,0.17966309,-0.06913452
128,PROT,386,12,monocyte,0.7559144,-0.47077167,0.124872014
128,PROT,387,12,monocyte,0.8440236,-0.52750224,0.16262577
128,PROT,388,12,monocyte,0.82248306,-0.51300204,0.15245464
128,PROT,389,10,macrophage,0.36451444,0.1646787,-0.047789108
128,PROT,390,12,monocyte,0.8330885,-0.5316281,0.15358697
128,PROT,391,10,macrophage,0.37527704,0.16653848,-0.04151466
128,PROT,392,12,monocyte,0.7484815,-0.45220596,0.13080825
128,PROT,393,12,monocyte,0.7586277,-0.44347692,0.12256597
128,PROT,394,12,monocyte,0.7619979,-0.41208014,0.14471462
128,PROT,395,12,monocyte,0.73979706,-0.46127826,0.11869255
128,PROT,396,12,monocyte,0.82922137,-0.45821914,0.15484704
128,PROT,397,10,macrophage,0.34352976,0.25341883,-0.07527076
128,PROT,398,12,monocyte,0.7388946,-0.47107208,0.13011837
128,PROT,399,12,monocyte,0.7607577,-0.44419032,0.1302503
128,PROT,400,10,macrophage,0.36387292,0.1604774,-0.054355223
128,PROT,401,12,monocyte,0.8009645,-0.51303244,0.14559127
128,PROT,402,12,monocyte,0.82991946,-0.5066204,0.16211677
128,PROT,403,12,monocyte,0.7618575,-0.4310466,0.13186252
128,PROT,404,12,monocyte,0.7615231,-0.43684182,0.1435056
128,PROT,405,12,monocyte,0.7465887,-0.4335464,0.14941348
128,PROT,406,12,monocyte,0.75476885,-0.45494324,0.13563503
128,PROT,407,12,monocyte,0.754372,-0.46249792,0.1115624
128,PROT,408,12,monocyte,0.7515621,-0.4443759,0.14793913
128,PROT,409,12,monocyte,0.7466137,-0.4555479,0.12145874
128,PROT,410,12,monocyte,0.81771684,-0.49199533,0.1473953
128,PROT,411,10,macrophage,0.37515762,0.15974635,-0.059895333
128,PROT,412,10,macrophage,0.3789987,0.17144954,-0.051060054
128,PROT,413,10,macrophage,0.39575568,0.20208696,-0.040515114
128,PROT,414,12,monocyte,0.80797577,-0.47841963,0.16418712
128,PROT,415,10,macrophage,0.36645734,0.16374615,-0.05661087
128,PROT,416,12,monocyte,0.7571447,-0.4624316,0.12357819
128,PROT,417,12,monocyte,0.8326602,-0.5249532,0.16291666
128,PROT,418,12,monocyte,0.75662243,-0.43578988,0.1493784
128,PROT,419,12,monocyte,0.7865414,-0.3792421,0.10043308
128,PROT,420,12,monocyte,0.7403027,-0.4460253,0.13340625
128,PROT,421,10,macrophage,0.37485817,0.17736834,-0.050723117
128,PROT,422,12,monocyte,0.7593092,-0.44344077,0.15110874
128,PROT,423,12,monocyte,0.8515066,-0.5388762,0.14565948
128,PROT,424,12,monocyte,0.7531525,-0.4447037,0.14071372
128,PROT,425,12,monocyte,0.75283015,-0.44766536,0.12924644
128,PROT,426,10,macrophage,0.35331765,0.15908465,-0.03986654
128,PROT,427,12,monocyte,0.7623168,-0.43547258,0.15138027
128,PROT,428,10,macrophage,0.69393945,-0.24205819,0.046116136
128,PROT,429,12,monocyte,0.8144115,-0.5121001,0.18061447
128,PROT,430,12,monocyte,0.7536706,-0.45479214,0.14363092
128,PROT,431,12,monocyte,0.7599995,-0.44163814,0.14224431
128,PROT,432,12,monocyte,0.76160157,-0.43796498,0.14811276
128,PROT,433,12,monocyte,0.755105,-0.44339025,0.12321405
128,PROT,434,12,monocyte,0.75831014,-0.43962505,0.14752959
128,PROT,435,12,monocyte,0.752676,-0.45483842,0.13622122
128,PROT,436,12,monocyte,0.83637273,-0.5316364,0.16600163
128,PROT,437,12,monocyte,0.75648856,-0.44103268,0.12281005
128,PROT,438,10,macrophage,0.36318877,0.16980144,-0.049750295
128,PROT,439,12,monocyte,0.81646633,-0.42909712,0.094887376
128,PROT,440,10,macrophage,0.36287042,0.16734326,-0.06871213
128,PROT,441,12,monocyte,0.7562981,-0.44499946,0.11451213
128,PROT,442,10,macrophage,0.35052055,0.24153388,-0.06657335
128,PROT,443,12,monocyte,0.8241508,-0.5182028,0.16564073
128,PROT,444,12,monocyte,0.80848724,-0.49673238,0.12396479
128,PROT,445,12,monocyte,0.74790144,-0.44934744,0.1379146
128,PROT,446,12,monocyte,0.7729387,-0.42974344,0.1365239
128,PROT,447,12,monocyte,0.7496628,-0.46949714,0.11834499
128,PROT,448,10,macrophage,0.36699283,0.16679823,-0.048099753
128,PROT,449,12,monocyte,0.7415217,-0.45254692,0.13838801
128,PROT,450,12,monocyte,0.75277907,-0.45121908,0.12104003
128,PROT,451,12,monocyte,0.7619407,-0.45278668,0.12926775
128,PROT,452,10,macrophage,0.3818159,0.18225586,-0.040239897
128,PROT,453,10,macrophage,0.37483042,0.16613361,-0.044602055
128,PROT,454,12,monocyte,0.74819195,-0.44748488,0.13751376
128,PROT,455,12,monocyte,0.83058155,-0.5174484,0.12876424
128,PROT,456,10,macrophage,0.38652706,0.20219481,-0.048498567
128,PROT,457,10,macrophage,0.38999602,0.16701066,-0.0571961
128,PROT,458,10,macrophage,0.33537638,0.2677489,-0.06512381
128,PROT,459,12,monocyte,0.75462663,-0.45986995,0.12329179
128,PROT,460,12,monocyte,0.84665287,-0.5392627,0.15530522
128,PROT,461,12,monocyte,0.7603525,-0.4274519,0.14423299
128,PROT,462,12,monocyte,0.8244604,-0.51707596,0.14673631
128,PROT,463,10,macrophage,0.38311112,0.16542879,-0.053209174
128,PROT,464,12,monocyte,0.75594205,-0.43542325,0.14373903
128,PROT,465,12,monocyte,0.834031,-0.5221257,0.1583659
128,PROT,466,12,monocyte,0.8232734,-0.5178472,0.17214912
128,PROT,467,10,macrophage,0.38132444,0.167557,-0.04184563
128,PROT,468,12,monocyte,0.74129117,-0.46454105,0.14266269
128,PROT,469,12,monocyte,0.7567116,-0.4374575,0.13415904
128,PROT,470,10,macrophage,0.31520388,0.29715872,-0.07645914
128,PROT,471,10,macrophage,0.3846719,0.17075115,-0.05293833
128,PROT,472,10,macrophage,0.3753028,0.15897521,-0.052150358
128,PROT,473,12,monocyte,0.8420367,-0.4963504,0.12807897
128,PROT,474,12,monocyte,0.76170546,-0.44093522,0.11806856
128,PROT,475,12,monocyte,0.7480906,-0.44929367,0.13386728
128,PROT,476,12,monocyte,0.7515276,-0.46379572,0.102930516
128,PROT,477,12,monocyte,0.7518026,-0.44605795,0.15257034
128,PROT,478,10,macrophage,0.36884576,0.18057391,-0.052442897
128,PROT,479,12,monocyte,0.76473916,-0.43496153,0.15151614
128,PROT,480,10,macrophage,0.32632208,0.25948295,-0.0672134
128,PROT,481,12,monocyte,0.83090186,-0.5110272,0.16322888
128,PROT,482,10,macrophage,0.32328865,0.26296395,-0.07635395
128,PROT,483,12,monocyte,0.8172945,-0.5224004,0.15626767
128,PROT,484,12,monocyte,0.7670744,-0.43033022,0.12248589
128,PROT,485,12,monocyte,0.79166734,-0.35490066,0.092938915
128,PROT,486,12,monocyte,0.7583131,-0.44147643,0.13564104
128,PROT,487,12,monocyte,0.8101932,-0.49588734,0.13599062
128,PROT,488,10,macrophage,0.45498386,0.13655564,-0.033512007
128,PROT,489,12,monocyte,0.76704526,-0.45454755,0.12588508
128,PROT,490,12,monocyte,0.8381242,-0.5280087,0.14770819
128,PROT,491,12,monocyte,0.8324475,-0.54573715,0.1503353
128,PROT,492,12,monocyte,0.7517308,-0.44679052,0.12884024
128,PROT,493,10,macrophage,0.37972227,0.19718513,-0.06042205
128,PROT,494,12,monocyte,0.74558324,-0.46434805,0.115143135
128,PROT,495,12,monocyte,0.75869954,-0.42426592,0.15001133
128,PROT,496,12,monocyte,0.8496201,-0.48098555,0.1498393
128,PROT,497,12,monocyte,0.76490724,-0.44524246,0.12536028
128,PROT,498,10,macrophage,0.38622355,0.17850992,-0.051261302
128,PROT,499,12,monocyte,0.75526685,-0.44551378,0.13612057
128,PROT,500,12,monocyte,0.754447,-0.4400774,0.12744215
128,PROT,501,12,monocyte,0.844718,-0.55500615,0.15714522
128,PROT,502,12,monocyte,0.7385683,-0.45877036,0.13481973
128,PROT,503,12,monocyte,0.8426404,-0.48670676,0.11012542
128,PROT,504,10,macrophage,0.38297594,0.1722711,-0.05753873
128,PROT,505,12,monocyte,0.7567348,-0.4566929,0.12849872
128,PROT,506,12,monocyte,0.754966,-0.44672763,0.14238712
128,PROT,507,10,macrophage,0.3802458,0.18253535,-0.051096883
128,PROT,508,12,monocyte,0.7538583,-0.43979862,0.1375092
128,PROT,509,12,monocyte,0.7679039,-0.4280953,0.14463474
128,PROT,510,12,monocyte,0.8410122,-0.54742205,0.17523523
128,PROT,511,12,monocyte,0.7594334,-0.4426116,0.13828199
128,PROT,512,12,monocyte,0.766219,-0.4537657,0.12250075
128,PROT,513,12,monocyte,0.73804235,-0.4549143,0.13265802
128,PROT,514,12,monocyte,0.49975663,0.13146386,-0.043372523
128,PROT,515,12,monocyte,0.7577429,-0.4430381,0.13112955
128,PROT,516,12,monocyte,0.8293017,-0.50042355,0.16913575
128,PROT,517,12,monocyte,0.75159824,-0.45068157,0.13759802
128,PROT,518,12,monocyte,0.7460755,-0.4486059,0.14235221
128,PROT,519,10,macrophage,0.5491712,0.030313645,-0.012259211
128,PROT,520,12,monocyte,0.7551708,-0.44298425,0.13258031
128,PROT,521,10,macrophage,0.38709384,0.17305055,-0.049306165
128,PROT,522,10,macrophage,0.30867746,0.2532547,-0.07637316
128,PROT,523,12,monocyte,0.755144,-0.42790842,0.12620308
128,PROT,524,12,monocyte,0.86058617,-0.46331412,0.119238526
128,PROT,525,12,monocyte,0.75992423,-0.4490005,0.12542081
128,PROT,526,12,monocyte,0.7639359,-0.4279429,0.123494625
128,PROT,527,12,monocyte,0.7525734,-0.4353718,0.1349001
128,PROT,528,12,monocyte,0.7541181,-0.4612373,0.13381542
128,PROT,529,10,macrophage,0.35616583,0.16983166,-0.050950672
128,PROT,530,12,monocyte,0.7529112,-0.45720336,0.1312722
128,PROT,531,10,macrophage,0.37302536,0.16987312,-0.050551873
128,PROT,532,12,monocyte,0.76133716,-0.45294282,0.122249454
128,PROT,533,10,macrophage,0.37976348,0.1744565,-0.045625847
128,PROT,534,12,monocyte,0.7492969,-0.4600327,0.14025028
128,PROT,535,12,monocyte,0.7892251,-0.521317,0.16287625
128,PROT,536,12,monocyte,0.81644917,-0.5376952,0.14923681
128,PROT,537,12,monocyte,0.75087607,-0.4517974,0.13189253
128,PROT,538,10,macrophage,0.31448773,0.28307378,-0.08046855
128,PROT,539,12,monocyte,0.85861194,-0.47907957,0.13399635
128,PROT,540,12,monocyte,0.85195875,-0.51318467,0.14549343
128,PROT,541,12,monocyte,0.7550434,-0.44183892,0.12954736
128,PROT,542,12,monocyte,0.67876214,-0.21690121,0.055291027
128,PROT,543,12,monocyte,0.74319786,-0.4738213,0.123705775
128,PROT,544,10,macrophage,0.38593018,0.1962921,-0.053516936
128,PROT,545,12,monocyte,0.7450556,-0.4578488,0.12912335
128,PROT,546,10,macrophage,0.38222685,0.21463928,-0.055027653
128,PROT,547,12,monocyte,0.73663616,-0.45664445,0.13360076
128,PROT,548,12,monocyte,0.7605642,-0.43277884,0.15471627
128,PROT,549,12,monocyte,0.75021446,-0.46147284,0.1110391
128,PROT,550,12,monocyte,0.758976,-0.44051388,0.13617763
128,PROT,551,12,monocyte,0.75870466,-0.4382356,0.14268294
128,PROT,552,10,macrophage,0.37301564,0.1674859,-0.042700257
128,PROT,553,12,monocyte,0.755568,-0.43694308,0.13035251
128,PROT,554,12,monocyte,0.80860543,-0.45096666,0.1389328
128,PROT,555,12,monocyte,0.7503916,-0.4494623,0.13371031
128,PROT,556,12,monocyte,0.8196393,-0.4337436,0.08933103
128,PROT,557,12,monocyte,0.75663304,-0.44105005,0.1276049
128,PROT,558,12,monocyte,0.750359,-0.44861352,0.14424247
128,PROT,559,12,monocyte,0.7664209,-0.42585894,0.13652262
128,PROT,560,10,macrophage,0.43150708,0.1638385,-0.037561536
128,PROT,561,12,monocyte,0.75568473,-0.44183186,0.14953375
128,PROT,562,10,macrophage,0.3776102,0.17434847,-0.04905508
128,PROT,563,10,macrophage,0.4991294,0.06967246,-0.016530335
128,PROT,564,12,monocyte,0.7528091,-0.44631574,0.12735365
128,PROT,565,12,monocyte,0.8051225,-0.5388675,0.17017564
128,PROT,566,12,monocyte,0.7563459,-0.4574084,0.11424194
128,PROT,567,10,macrophage,0.38074732,0.14648092,-0.03457505
128,PROT,568,12,monocyte,0.8409387,-0.5171909,0.16715427
128,PROT,569,12,monocyte,0.76337385,-0.4466678,0.12528086
128,PROT,570,12,monocyte,0.75630784,-0.4592916,0.11806092
128,PROT,571,12,monocyte,0.74919784,-0.46705654,0.12211524
128,PROT,572,12,monocyte,0.83730686,-0.51648676,0.15859254
128,PROT,573,12,monocyte,0.853076,-0.4899028,0.16998063
128,PROT,574,12,monocyte,0.75418615,-0.44914472,0.13417064
128,PROT,575,10,macrophage,0.36349997,0.23595452,-0.06770916
128,PROT,576,12,monocyte,0.7530185,-0.4566387,0.13774258
128,PROT,577,12,monocyte,0.7558248,-0.44437867,0.1423624
128,PROT,578,12,monocyte,0.75128996,-0.44372657,0.13590077
128,PROT,579,12,monocyte,0.76101923,-0.4292038,0.14497365
128,PROT,580,12,monocyte,0.71217287,-0.272859,0.062283058
128,PROT,581,10,macrophage,0.38282427,0.14527747,-0.03077551
128,PROT,582,12,monocyte,0.8264091,-0.51427,0.14873433
128,PROT,583,10,macrophage,0.35291097,0.24851996,-0.061151076
128,PROT,584,10,macrophage,0.36940408,0.16270122,-0.042531054
128,PROT,585,12,monocyte,0.8669611,-0.52906865,0.17723764
128,PROT,586,12,monocyte,0.8397552,-0.5082105,0.15326288
128,PROT,587,12,monocyte,0.839687,-0.51738673,0.15179656
128,PROT,588,12,monocyte,0.8252514,-0.49101603,0.16247046
128,PROT,589,12,monocyte,0.76042795,-0.4504836,0.110014394
128,PROT,590,12,monocyte,0.7420546,-0.45229727,0.1174473
128,PROT,591,12,monocyte,0.8274894,-0.51650864,0.17535001
128,PROT,592,12,monocyte,0.8166735,-0.52464384,0.12524332
128,PROT,593,10,macrophage,0.3757566,0.13303754,-0.05320589
128,PROT,594,12,monocyte,0.83452487,-0.53800994,0.15205148
128,PROT,595,12,monocyte,0.7566842,-0.4618858,0.12695177
128,PROT,596,12,monocyte,0.7440442,-0.45640025,0.14003831
128,PROT,597,12,monocyte,0.7557302,-0.4403272,0.13018301
128,PROT,598,12,monocyte,0.7568927,-0.45293257,0.1339398
128,PROT,599,12,monocyte,0.7745813,-0.41432756,0.15504362
128,PROT,600,12,monocyte,0.76412845,-0.4317464,0.15313347
128,PROT,601,12,monocyte,0.75534797,-0.4399588,0.1407894
128,PROT,602,12,monocyte,0.7596493,-0.44037205,0.13875133
128,PROT,603,12,monocyte,0.6847875,-0.17859516,0.054432634
128,PROT,604,12,monocyte,0.75086576,-0.45356205,0.13239281
128,PROT,605,10,macrophage,0.383978,0.16532162,-0.047361504
128,PROT,606,12,monocyte,0.65276194,-0.086054385,0.042486712
128,PROT,607,12,monocyte,0.8342674,-0.5437797,0.16818993
128,PROT,608,10,macrophage,0.3851198,0.15733057,-0.037767433
128,PROT,609,10,macrophage,0.37005252,0.1867336,-0.047594573
128,PROT,610,10,macrophage,0.36630782,0.16423288,-0.07305507
128,PROT,611,12,monocyte,0.75479805,-0.45690012,0.13784021
128,PROT,612,10,macrophage,0.3694093,0.18095535,-0.041692335
128,PROT,613,12,monocyte,0.7632096,-0.44468692,0.13076809
128,PROT,614,10,macrophage,0.38872504,0.16399342,-0.052403037
128,PROT,615,10,macrophage,0.37718755,0.1703656,-0.050983634
128,PROT,616,12,monocyte,0.83558685,-0.5067412,0.1595261
128,PROT,617,12,monocyte,0.8235364,-0.57427484,0.15766136
128,PROT,618,12,monocyte,0.75685537,-0.45291123,0.122675225
128,PROT,619,10,macrophage,0.31624553,0.26164338,-0.08202006
128,PROT,620,12,monocyte,0.7580126,-0.43951228,0.12013106
128,PROT,621,12,monocyte,0.7559706,-0.42825505,0.14425343
128,PROT,622,12,monocyte,0.7596705,-0.44135135,0.13560084
128,PROT,623,10,macrophage,0.37241068,0.17729074,-0.023021623
128,PROT,624,12,monocyte,0.57840854,0.006430311,-0.036410112
128,PROT,625,10,macrophage,0.5070212,0.061633326,-0.029636223
128,PROT,626,10,macrophage,0.38418213,0.15997401,-0.040328693
128,PROT,627,12,monocyte,0.76383054,-0.44845372,0.12772684
128,PROT,628,12,monocyte,0.76145065,-0.43285337,0.13307536
128,PROT,629,10,macrophage,0.32981324,0.2663887,-0.07373902
128,PROT,630,12,monocyte,0.7454536,-0.4593233,0.12806694
128,PROT,631,12,monocyte,0.7544826,-0.45250756,0.13491581
128,PROT,632,10,macrophage,0.36538267,0.16420072,-0.06269942
128,PROT,633,10,macrophage,0.3713225,0.16170442,-0.05242798
128,PROT,634,10,macrophage,0.49135756,0.07236221,-0.0052449144
128,PROT,635,12,monocyte,0.83647513,-0.5298478,0.16573316
128,PROT,636,12,monocyte,0.74847925,-0.44110075,0.12688698
128,PROT,637,12,monocyte,0.7583122,-0.42460868,0.1349431
128,PROT,638,12,monocyte,0.7603152,-0.43871304,0.110196784
128,PROT,639,12,monocyte,0.8182373,-0.52205473,0.12849091
128,PROT,640,12,monocyte,0.75278026,-0.4368043,0.1392171
128,PROT,641,10,macrophage,0.3725491,0.18920541,-0.04036242
128,PROT,642,10,macrophage,0.37181264,0.16989857,-0.05063079
128,PROT,643,12,monocyte,0.76646745,-0.4335831,0.13088478
128,PROT,644,10,macrophage,0.32165176,0.25595444,-0.0810546
128,PROT,645,12,monocyte,0.7638851,-0.4311425,0.13870323
128,PROT,646,10,macrophage,0.3840048,0.15416023,-0.059532735
128,PROT,647,12,monocyte,0.7560519,-0.449948,0.12750666
128,PROT,648,12,monocyte,0.7428944,-0.3078079,0.07657817
128,PROT,649,12,monocyte,0.8406365,-0.52576935,0.1352621
128,PROT,650,12,monocyte,0.8165842,-0.52929294,0.11217812
128,PROT,651,12,monocyte,0.76625127,-0.4402168,0.125585
128,PROT,652,10,macrophage,0.3626019,0.17352667,-0.039814938
128,PROT,653,12,monocyte,0.83442664,-0.5267342,0.15968604
128,PROT,654,12,monocyte,0.7579348,-0.45690736,0.10833478
128,PROT,655,12,monocyte,0.75665754,-0.42971596,0.1396271
128,PROT,656,12,monocyte,0.74520445,-0.44519544,0.11810243
128,PROT,657,12,monocyte,0.7543221,-0.45376563,0.13452606
128,PROT,658,10,macrophage,0.3851741,0.14024901,-0.0477609
128,PROT,659,12,monocyte,0.75592136,-0.4366049,0.13541685
128,PROT,660,10,macrophage,0.3589811,0.22142097,-0.065086156
128,PROT,661,12,monocyte,0.75422,-0.43980563,0.1362758
128,PROT,662,12,monocyte,0.8217186,-0.52919936,0.16442408
128,PROT,663,12,monocyte,0.73952496,-0.45460778,0.11711857
128,PROT,664,12,monocyte,0.859089,-0.5215036,0.14313862
128,PROT,665,12,monocyte,0.75535214,-0.43001786,0.1374156
128,PROT,666,12,monocyte,0.8510208,-0.48752838,0.15933074
128,PROT,667,12,monocyte,0.7638905,-0.44730106,0.12542179
128,PROT,668,12,monocyte,0.83513755,-0.5225447,0.15529692
128,PROT,669,12,monocyte,0.82502013,-0.53951275,0.15630826
128,PROT,670,12,monocyte,0.7753829,-0.44829005,0.13855775
128,PROT,671,12,monocyte,0.8545433,-0.52471,0.1333633
128,PROT,672,12,monocyte,0.5695733,-0.027668731,0.012956909
128,PROT,673,12,monocyte,0.7690268,-0.42393315,0.13791436
128,PROT,674,12,monocyte,0.7540551,-0.46421945,0.13472013
128,PROT,675,12,monocyte,0.7546141,-0.44986778,0.1437475
128,PROT,676,10,macrophage,0.5088495,0.06706598,-0.014694922
128,PROT,677,12,monocyte,0.7614531,-0.46363983,0.12431231
128,PROT,678,12,monocyte,0.7395246,-0.4563319,0.123839244
128,PROT,679,12,monocyte,0.85049355,-0.54299027,0.17641471
128,PROT,680,10,macrophage,0.39140254,0.18782985,-0.036807463
128,PROT,681,12,monocyte,0.76031995,-0.44657147,0.14131626
128,PROT,682,12,monocyte,0.77496505,-0.34878322,0.09632841
128,PROT,683,10,macrophage,0.3742692,0.16296452,-0.030658722
128,PROT,684,12,monocyte,0.75600344,-0.43439305,0.12227897
128,PROT,685,12,monocyte,0.7642728,-0.44864687,0.1270767
128,PROT,686,12,monocyte,0.76753336,-0.42320147,0.15886109
128,PROT,687,10,macrophage,0.38870108,0.1677959,-0.027288511
128,PROT,688,12,monocyte,0.8417561,-0.5311011,0.1655554
128,PROT,689,12,monocyte,0.7583518,-0.45484602,0.13525125
128,PROT,690,12,monocyte,0.7551552,-0.4428473,0.12818377
128,PROT,691,10,macrophage,0.40543345,0.19602647,-0.036681052
128,PROT,692,12,monocyte,0.76266706,-0.44298166,0.13979664
128,PROT,693,12,monocyte,0.83757377,-0.45082882,0.13419765
128,PROT,694,12,monocyte,0.75884765,-0.42353702,0.16139299
128,PROT,695,12,monocyte,0.75578326,-0.44444025,0.12612668
128,PROT,696,12,monocyte,0.7549088,-0.45165235,0.12751432
128,PROT,697,10,macrophage,0.43591738,0.15717629,-0.05581424
128,PROT,698,12,monocyte,0.7571833,-0.44494936,0.14786205
128,PROT,699,12,monocyte,0.81106806,-0.485024,0.16098572
128,PROT,700,10,macrophage,0.3647119,0.1343481,-0.055188086
128,PROT,701,10,macrophage,0.39045098,0.14819366,-0.056298915
128,PROT,702,12,monocyte,0.8593389,-0.5492085,0.14066902
128,PROT,703,12,monocyte,0.824314,-0.53417563,0.15090598
128,PROT,704,12,monocyte,0.7540132,-0.43618214,0.13966775
128,PROT,705,12,monocyte,0.8290975,-0.51667124,0.1563889
128,PROT,706,12,monocyte,0.85364974,-0.5383986,0.16587254
128,PROT,707,12,monocyte,0.8431485,-0.52222604,0.17368619
128,PROT,708,12,monocyte,0.7624892,-0.42639688,0.1279815
128,PROT,709,12,monocyte,0.8371865,-0.5388759,0.15501666
128,PROT,710,12,monocyte,0.7605976,-0.44975784,0.13986337
128,PROT,711,10,macrophage,0.3834654,0.15991858,-0.044908147
128,PROT,712,12,monocyte,0.75395864,-0.45584905,0.1139444
128,PROT,713,12,monocyte,0.7616651,-0.46110132,0.13038357
128,PROT,714,12,monocyte,0.7560392,-0.44369197,0.14599492
128,PROT,715,10,macrophage,0.3723386,0.17303681,-0.03964008
128,PROT,716,10,macrophage,0.37286833,0.20005852,-0.041322466
128,PROT,717,12,monocyte,0.7587744,-0.45000252,0.13582759
128,PROT,718,10,macrophage,0.37410104,0.15838927,-0.042993594
128,PROT,719,10,macrophage,0.37821472,0.15703845,-0.04079916
128,PROT,720,12,monocyte,0.74737656,-0.44940904,0.13140403
128,PROT,721,12,monocyte,0.76698655,-0.43585,0.13483843
128,PROT,722,12,monocyte,0.8399217,-0.54779214,0.15383656
128,PROT,723,12,monocyte,0.7599525,-0.4292183,0.12592809
128,PROT,724,12,monocyte,0.7531182,-0.4531588,0.13285303
128,PROT,725,12,monocyte,0.7526256,-0.45434648,0.123203605
128,PROT,726,12,monocyte,0.75122106,-0.43672687,0.15063728
128,PROT,727,12,monocyte,0.7629398,-0.44683963,0.13988549
128,PROT,728,12,monocyte,0.7495477,-0.45315295,0.13940287
128,PROT,729,12,monocyte,0.83340305,-0.54145527,0.17862284
128,PROT,730,12,monocyte,0.7592957,-0.42429045,0.13178386
128,PROT,731,12,monocyte,0.8284229,-0.5371304,0.17548993
128,PROT,732,10,macrophage,0.3117072,0.28416747,-0.06653246
128,PROT,733,12,monocyte,0.76035786,-0.4380651,0.1275252
128,PROT,734,12,monocyte,0.7571786,-0.4358066,0.14142166
128,PROT,735,10,macrophage,0.41362205,0.19847733,-0.06901692
128,PROT,736,12,monocyte,0.8318184,-0.5208337,0.13060513
128,PROT,737,12,monocyte,0.7482146,-0.44055653,0.13436885
128,PROT,738,12,monocyte,0.8647826,-0.53534776,0.17995028
128,PROT,739,12,monocyte,0.75075686,-0.45312983,0.120741144
128,PROT,740,12,monocyte,0.80869603,-0.5300475,0.15465534
128,PROT,741,12,monocyte,0.75464463,-0.4401847,0.13586017
128,PROT,742,10,macrophage,0.3522557,0.17948148,-0.054941993
128,PROT,743,10,macrophage,0.36706328,0.16569337,-0.04831214
128,PROT,744,12,monocyte,0.7542059,-0.43748978,0.13796622
128,PROT,745,12,monocyte,0.75273883,-0.45890328,0.120673016
128,PROT,746,12,monocyte,0.8289026,-0.4912783,0.16715485
128,PROT,747,10,macrophage,0.3855673,0.13374612,-0.043726895
128,PROT,748,12,monocyte,0.75446296,-0.45268974,0.14439228
128,PROT,749,10,macrophage,0.4018736,0.20273498,-0.056768324
128,PROT,750,10,macrophage,0.74087685,-0.30089125,0.043279976
128,PROT,751,10,macrophage,0.37259632,0.16634032,-0.055392083
128,PROT,752,12,monocyte,0.76135385,-0.44853896,0.13120018
128,PROT,753,12,monocyte,0.7454184,-0.4464635,0.12041362
128,PROT,754,12,monocyte,0.76085067,-0.44511145,0.13007542
128,PROT,755,12,monocyte,0.75798476,-0.44362995,0.13984261
128,PROT,756,12,monocyte,0.7602095,-0.44297835,0.13834229
128,PROT,757,12,monocyte,0.8581244,-0.5286795,0.1404486
128,PROT,758,12,monocyte,0.85690475,-0.52726334,0.12941892
128,PROT,759,12,monocyte,0.7569067,-0.4367382,0.14504972
128,PROT,760,10,macrophage,0.38145387,0.16248214,-0.06746665
128,PROT,761,12,monocyte,0.7500677,-0.43845353,0.1496858
128,PROT,762,12,monocyte,0.7611223,-0.43900916,0.1357093
128,PROT,763,10,macrophage,0.3795684,0.13723505,-0.05035786
128,PROT,764,10,macrophage,0.39366904,0.16794583,-0.046804857
128,PROT,765,10,macrophage,0.35347492,0.16800731,-0.032669812
128,PROT,766,12,monocyte,0.7521409,-0.46259418,0.12847245
128,PROT,767,12,monocyte,0.82883346,-0.53665674,0.16052416
128,PROT,768,12,monocyte,0.7676252,-0.4501041,0.123074725
128,PROT,769,12,monocyte,0.7554591,-0.44400465,0.14058924
128,PROT,770,12,monocyte,0.83826745,-0.5102128,0.15221694
128,PROT,771,10,macrophage,0.36942494,0.17754081,-0.042884532
128,PROT,772,12,monocyte,0.8336241,-0.5317859,0.18695983
128,PROT,773,10,macrophage,0.39241222,0.1496664,-0.05679747
128,PROT,774,12,monocyte,0.75258946,-0.43758598,0.14597644
128,PROT,775,12,monocyte,0.74174625,-0.46803927,0.123178214
128,PROT,776,12,monocyte,0.7490067,-0.45539552,0.12898915
128,PROT,777,12,monocyte,0.75441426,-0.4605739,0.11718786
128,PROT,778,10,macrophage,0.37968162,0.13286436,-0.054544073
128,PROT,779,10,macrophage,0.38780314,0.17128688,-0.042842407
128,PROT,780,10,macrophage,0.37627903,0.17183194,-0.050711524
128,PROT,781,12,monocyte,0.75333554,-0.44727734,0.13347867
128,PROT,782,12,monocyte,0.8327527,-0.51125956,0.17177087
128,PROT,783,12,monocyte,0.7506258,-0.44135067,0.13315256
128,PROT,784,12,monocyte,0.75760156,-0.45324495,0.112593964
128,PROT,785,12,monocyte,0.75746393,-0.4431051,0.13985007
128,PROT,786,10,macrophage,0.37838703,0.1556746,-0.031316336
128,PROT,787,12,monocyte,0.743178,-0.47337854,0.114317045
128,PROT,788,12,monocyte,0.7625417,-0.43325466,0.12967415
128,PROT,789,10,macrophage,0.39634833,0.14212826,-0.0426119
128,PROT,790,10,macrophage,0.37659436,0.1725449,-0.044622425
128,PROT,791,10,macrophage,0.37363264,0.16816086,-0.05292618
128,PROT,792,12,monocyte,0.75717825,-0.4435765,0.1310043
128,PROT,793,12,monocyte,0.757648,-0.45737827,0.13204257
128,PROT,794,10,macrophage,0.5440569,0.0070818104,-0.024896901
128,PROT,795,12,monocyte,0.83042,-0.5526556,0.1562859
128,PROT,796,10,macrophage,0.39276555,0.1389496,-0.04711539
128,PROT,797,12,monocyte,0.7522702,-0.4358052,0.13759515
128,PROT,798,12,monocyte,0.814503,-0.5275814,0.14345112
128,PROT,799,12,monocyte,0.7620418,-0.45373362,0.13810228
128,PROT,800,12,monocyte,0.75945157,-0.4447932,0.13827609
128,PROT,801,10,macrophage,0.38928965,0.21125716,-0.060014967
128,PROT,802,10,macrophage,0.36403844,0.17381218,-0.03535578
128,PROT,803,12,monocyte,0.7525187,-0.44184077,0.14346948
128,PROT,804,12,monocyte,0.820415,-0.48295993,0.14427781
128,PROT,805,12,monocyte,0.7506269,-0.45380446,0.13968268
128,PROT,806,12,monocyte,0.7665175,-0.4387919,0.14506908
128,PROT,807,12,monocyte,0.7404406,-0.4611732,0.13857602
128,PROT,808,12,monocyte,0.84557915,-0.5218798,0.15594903
128,PROT,809,12,monocyte,0.76176167,-0.44258457,0.13389944
128,PROT,810,10,macrophage,0.37406182,0.17208433,-0.047279585
128,PROT,811,12,monocyte,0.8152855,-0.4850375,0.13076349
128,PROT,812,12,monocyte,0.7468176,-0.45192844,0.13946627
128,PROT,813,12,monocyte,0.77235067,-0.43654335,0.13681865
128,PROT,814,12,monocyte,0.7415748,-0.46446925,0.11049366
128,PROT,815,12,monocyte,0.75828093,-0.44282362,0.12734602
128,PROT,816,12,monocyte,0.7468929,-0.44009688,0.13988686
128,PROT,817,10,macrophage,0.3797326,0.17657804,-0.06601769
128,PROT,818,12,monocyte,0.7509272,-0.445189,0.13477656
128,PROT,819,12,monocyte,0.75413036,-0.44110793,0.13461515
128,PROT,820,12,monocyte,0.7563509,-0.4529046,0.13036183
128,PROT,821,10,macrophage,0.38573098,0.15778917,-0.030106705
128,PROT,822,12,monocyte,0.76437753,-0.44885197,0.12763248
128,PROT,823,12,monocyte,0.83434546,-0.506721,0.13835691
128,PROT,824,12,monocyte,0.84605646,-0.55287635,0.12959611
128,PROT,825,10,macrophage,0.3786221,0.16511214,-0.051542472
128,PROT,826,12,monocyte,0.75731945,-0.44978034,0.12430751
128,PROT,827,12,monocyte,0.7441735,-0.4544282,0.12851056
128,PROT,828,12,monocyte,0.8202307,-0.5325315,0.16261603
128,PROT,829,12,monocyte,0.7632699,-0.44832295,0.1295806
128,PROT,830,10,macrophage,0.39068234,0.16691115,-0.054579947
128,PROT,831,12,monocyte,0.76529086,-0.43258274,0.12976477
128,PROT,832,12,monocyte,0.8564441,-0.5285316,0.14809017
128,PROT,833,10,macrophage,0.3841213,0.17380953,-0.06950307
128,PROT,834,12,monocyte,0.760316,-0.42903298,0.15020426
128,PROT,835,12,monocyte,0.7521932,-0.4599771,0.12381211
128,PROT,836,12,monocyte,0.7463553,-0.46074298,0.11375277
128,PROT,837,12,monocyte,0.7597292,-0.43361643,0.14981541
128,PROT,838,10,macrophage,0.38014883,0.1776574,-0.03885336
128,PROT,839,12,monocyte,0.83965576,-0.5141456,0.17231297
128,PROT,840,10,macrophage,0.39199823,0.18531984,-0.036116574
128,PROT,841,12,monocyte,0.7478302,-0.4599505,0.11655475
128,PROT,842,12,monocyte,0.7532272,-0.43639123,0.1279117
128,PROT,843,12,monocyte,0.7586653,-0.4363873,0.13710313
128,PROT,844,12,monocyte,0.8315755,-0.5460997,0.16178471
128,PROT,845,12,monocyte,0.7582251,-0.44608912,0.14460431
128,PROT,846,12,monocyte,0.77640426,-0.41637734,0.13245682
128,PROT,847,10,macrophage,0.3805439,0.18173736,-0.048582207
128,PROT,848,12,monocyte,0.76057374,-0.44523364,0.14264901
128,PROT,849,12,monocyte,0.7517841,-0.4602964,0.11273949
128,PROT,850,12,monocyte,0.75890934,-0.45372158,0.120816916
128,PROT,851,12,monocyte,0.85297275,-0.51434374,0.15778424
128,PROT,852,10,macrophage,0.43825158,0.14576429,-0.06974028
128,PROT,853,12,monocyte,0.8339589,-0.5398864,0.15150416
128,PROT,854,12,monocyte,0.76140165,-0.45598263,0.1281956
128,PROT,855,12,monocyte,0.74730676,-0.44404936,0.14032577
128,PROT,856,10,macrophage,0.37341166,0.1612494,-0.032044392
128,PROT,857,12,monocyte,0.7539612,-0.4506734,0.13883355
128,PROT,858,12,monocyte,0.7626418,-0.42418352,0.14837384
128,PROT,859,12,monocyte,0.75019395,-0.4477242,0.12268053
128,PROT,860,12,monocyte,0.75347805,-0.449085,0.1349189
128,PROT,861,10,macrophage,0.3885224,0.18445688,-0.05283979
128,PROT,862,12,monocyte,0.751363,-0.44885242,0.1384282
128,PROT,863,12,monocyte,0.75119567,-0.44839475,0.11906032
128,PROT,864,10,macrophage,0.31032428,0.28027618,-0.08538933
128,PROT,865,12,monocyte,0.7493995,-0.44537157,0.13695924
128,PROT,866,12,monocyte,0.76057893,-0.44728926,0.13144307
128,PROT,867,12,monocyte,0.7499725,-0.44820207,0.14695409
128,PROT,868,12,monocyte,0.75882876,-0.45974997,0.11666328
128,PROT,869,12,monocyte,0.7622794,-0.4505673,0.13484895
128,PROT,870,10,macrophage,0.38118282,0.1662367,-0.051463496
128,PROT,871,12,monocyte,0.83757323,-0.53130996,0.15097688
128,PROT,872,12,monocyte,0.75901926,-0.443916,0.12943757
128,PROT,873,12,monocyte,0.74767053,-0.43551692,0.15567695
128,PROT,874,10,macrophage,0.30114818,0.29331622,-0.07561238
128,PROT,875,10,macrophage,0.404845,0.18578184,-0.03721931
128,PROT,876,10,macrophage,0.34811318,0.23094985,-0.07303208
128,PROT,877,10,macrophage,0.41516358,0.2175895,-0.054240417
128,PROT,878,10,macrophage,0.36842853,0.15167412,-0.06140789
128,PROT,879,12,monocyte,0.81276226,-0.567429,0.15740405
128,PROT,880,12,monocyte,0.7469207,-0.4374843,0.118809
128,PROT,881,12,monocyte,0.76039505,-0.43582168,0.1334403
128,PROT,882,12,monocyte,0.7560749,-0.4417373,0.14974524
128,PROT,883,12,monocyte,0.81026244,-0.47280672,0.10125524
128,PROT,884,12,monocyte,0.7715025,-0.42638403,0.14079612
128,PROT,885,12,monocyte,0.77069414,-0.43476844,0.13009818
128,PROT,886,12,monocyte,0.755688,-0.45349792,0.14314477
128,PROT,887,12,monocyte,0.82876384,-0.50977683,0.16529386
128,PROT,888,12,monocyte,0.7510427,-0.4291069,0.14053346
128,PROT,889,12,monocyte,0.757957,-0.4627587,0.12307252
128,PROT,890,12,monocyte,0.74700713,-0.45951018,0.12884128
128,PROT,891,12,monocyte,0.8191758,-0.54010767,0.15008187
128,PROT,892,12,monocyte,0.8486656,-0.53275347,0.16918544
128,PROT,893,12,monocyte,0.75279206,-0.4340705,0.13724639
128,PROT,894,12,monocyte,0.7588512,-0.44229144,0.11797476
128,PROT,895,12,monocyte,0.75570846,-0.45031038,0.11052996
128,PROT,896,10,macrophage,0.35532138,0.23292601,-0.061335634
128,PROT,897,12,monocyte,0.7434596,-0.47727525,0.12644975
128,PROT,898,10,macrophage,0.3948244,0.16065308,-0.05802911
128,PROT,899,12,monocyte,0.77206874,-0.43156368,0.13119927
128,PROT,900,12,monocyte,0.8213449,-0.46473825,0.1447725
128,PROT,901,10,macrophage,0.45591003,0.13210958,-0.054810833
128,PROT,902,10,macrophage,0.35415122,0.21786931,-0.061540935
128,PROT,903,12,monocyte,0.75212157,-0.4493841,0.13577381
128,PROT,904,12,monocyte,0.81798255,-0.51345146,0.15535949
128,PROT,905,12,monocyte,0.762452,-0.43596596,0.13872427
128,PROT,906,12,monocyte,0.7615502,-0.4273287,0.14531215
128,PROT,907,12,monocyte,0.7497252,-0.43875775,0.13398369
128,PROT,908,12,monocyte,0.7528571,-0.44500312,0.12523086
128,PROT,909,12,monocyte,0.83440566,-0.5508975,0.16636302
128,PROT,910,12,monocyte,0.76576304,-0.4198728,0.14405313
128,PROT,911,12,monocyte,0.8268583,-0.5055116,0.15094934
128,PROT,912,12,monocyte,0.8506808,-0.5339448,0.15524042
128,PROT,913,12,monocyte,0.7558569,-0.4304179,0.1373163
128,PROT,914,12,monocyte,0.8226105,-0.48330832,0.14915732
128,PROT,915,12,monocyte,0.7606699,-0.43842426,0.13390288
128,PROT,916,12,monocyte,0.7697968,-0.4417608,0.122492686
128,PROT,917,10,macrophage,0.3719397,0.16480231,-0.035362933
128,PROT,918,12,monocyte,0.77662766,-0.4285822,0.088824004
128,PROT,919,12,monocyte,0.7467648,-0.44888258,0.13354892
128,PROT,920,12,monocyte,0.7525516,-0.45158172,0.116595134
128,PROT,921,10,macrophage,0.3753592,0.16281927,-0.039755683
128,PROT,922,12,monocyte,0.8416628,-0.4726837,0.1450548
128,PROT,923,12,monocyte,0.74979174,-0.45460606,0.12891074
128,PROT,924,12,monocyte,0.8402735,-0.5240941,0.16566816
128,PROT,925,12,monocyte,0.75124466,-0.4398373,0.14420417
128,PROT,926,12,monocyte,0.75159013,-0.4410213,0.1560722
128,PROT,927,12,monocyte,0.75065064,-0.4553939,0.12625648
128,PROT,928,10,macrophage,0.3504697,0.23699349,-0.04410216
128,PROT,929,12,monocyte,0.76185215,-0.43901652,0.122530624
128,PROT,930,12,monocyte,0.75293183,-0.439155,0.14014322
128,PROT,931,12,monocyte,0.83583033,-0.5177394,0.13890286
128,PROT,932,10,macrophage,0.2852257,0.3087322,-0.0969674
128,PROT,933,12,monocyte,0.7702899,-0.43300655,0.1274461
128,PROT,934,12,monocyte,0.75168085,-0.46165794,0.13052289
128,PROT,935,10,macrophage,0.38949662,0.1696448,-0.03619167
128,PROT,936,10,macrophage,0.37308088,0.17031679,-0.049326386
128,PROT,937,12,monocyte,0.8691056,-0.536398,0.1558555
128,PROT,938,12,monocyte,0.8444296,-0.4801781,0.16569918
128,PROT,939,12,monocyte,0.7495988,-0.43963885,0.13735957
128,PROT,940,10,macrophage,0.3660233,0.17663813,-0.03950912
128,PROT,941,12,monocyte,0.8365083,-0.52086824,0.14524066
128,PROT,942,12,monocyte,0.7534286,-0.44172496,0.1421438
128,PROT,943,12,monocyte,0.750206,-0.43989992,0.15245646
128,PROT,944,12,monocyte,0.7673632,-0.4271226,0.15080453
128,PROT,945,12,monocyte,0.8164489,-0.3198499,0.09326123
128,PROT,946,12,monocyte,0.75099206,-0.4450969,0.13162899
128,PROT,947,10,macrophage,0.37596717,0.2278164,-0.05096906
128,PROT,948,12,monocyte,0.8671018,-0.5208139,0.107211754
128,PROT,949,10,macrophage,0.34578782,0.26157254,-0.05428243
128,PROT,950,12,monocyte,0.7657234,-0.4357289,0.13692406
128,PROT,951,12,monocyte,0.7551999,-0.46289694,0.1290762
128,PROT,952,12,monocyte,0.7467842,-0.45297483,0.13015057
128,PROT,953,12,monocyte,0.75506747,-0.4443611,0.13822606
128,PROT,954,12,monocyte,0.8152764,-0.51958466,0.12334365
128,PROT,955,10,macrophage,0.45166785,0.13905224,-0.025014326
128,PROT,956,10,macrophage,0.37295008,0.1367248,-0.063626066
128,PROT,957,12,monocyte,0.7659447,-0.43713462,0.12669173
128,PROT,958,10,macrophage,0.38084522,0.1761953,-0.059881177
128,PROT,959,12,monocyte,0.7511841,-0.43525434,0.13381773
128,PROT,960,12,monocyte,0.76708424,-0.44223705,0.13800973
128,PROT,961,12,monocyte,0.752952,-0.46087906,0.12962253
128,PROT,962,12,monocyte,0.75723493,-0.44933048,0.134937
128,PROT,963,12,monocyte,0.7439202,-0.45242876,0.12141478
128,PROT,964,12,monocyte,0.75975794,-0.44109532,0.14179567
128,PROT,965,12,monocyte,0.815583,-0.5322521,0.17565536
128,PROT,966,12,monocyte,0.7645677,-0.42797497,0.1495581
128,PROT,967,10,macrophage,0.38907203,0.17889512,-0.071860015
128,PROT,968,10,macrophage,0.37668967,0.155702,-0.0451552
128,PROT,969,12,monocyte,0.83166295,-0.5471305,0.16289847
128,PROT,970,12,monocyte,0.75337994,-0.45849448,0.13717048
128,PROT,971,10,macrophage,0.3670307,0.16326481,-0.05402005
128,PROT,972,12,monocyte,0.7852522,-0.4310518,0.09893966
128,PROT,973,10,macrophage,0.32102048,0.27302372,-0.084490955
128,PROT,974,12,monocyte,0.75953794,-0.4317846,0.13460965
128,PROT,975,12,monocyte,0.82429636,-0.5368864,0.13399178
128,PROT,976,12,monocyte,0.83024275,-0.52489245,0.16343194
128,PROT,977,10,macrophage,0.38986823,0.14700994,-0.04323287
128,PROT,978,10,macrophage,0.36714247,0.15992609,-0.048985917
128,PROT,979,12,monocyte,0.7577631,-0.4376639,0.1321429
128,PROT,980,12,monocyte,0.75487745,-0.45122823,0.12845002
128,PROT,981,12,monocyte,0.753453,-0.4473163,0.13614118
128,PROT,982,12,monocyte,0.81840503,-0.5422904,0.15561467
128,PROT,983,12,monocyte,0.7527797,-0.43914625,0.1320294
128,PROT,984,12,monocyte,0.7608386,-0.4564265,0.12600392
128,PROT,985,12,monocyte,0.75555396,-0.45179316,0.12035419
128,PROT,986,10,macrophage,0.37908447,0.16453049,-0.028357912
128,PROT,987,12,monocyte,0.8495258,-0.49830303,0.13985476
128,PROT,988,10,macrophage,0.38678604,0.163955,-0.059559572
128,PROT,989,10,macrophage,0.37541643,0.21619543,-0.06941633
128,PROT,990,12,monocyte,0.7509675,-0.4439334,0.14341368
128,PROT,991,12,monocyte,0.76093316,-0.43574682,0.13973494
128,PROT,992,12,monocyte,0.7629852,-0.43766558,0.15093926
128,PROT,993,12,monocyte,0.74885523,-0.44485652,0.14366601
128,PROT,994,12,monocyte,0.75497615,-0.45948166,0.11981031
128,PROT,995,12,monocyte,0.74922085,-0.452595,0.14053813
128,PROT,996,12,monocyte,0.7588765,-0.46001884,0.13371268
128,PROT,997,10,macrophage,0.38983303,0.15184674,-0.047500584
128,PROT,998,12,monocyte,0.7557328,-0.43802974,0.12630035
128,PROT,999,12,monocyte,0.8297794,-0.5095962,0.16767189
128,PROT,1000,10,macrophage,0.38934323,0.18344513,-0.04608344
128,PROT,1001,12,monocyte,0.7611325,-0.4431401,0.13933986
128,PROT,1002,12,monocyte,0.7658833,-0.4427624,0.13252617
128,PROT,1003,10,macrophage,0.33400184,0.27150047,-0.08247359
128,PROT,1004,12,monocyte,0.76844525,-0.4244401,0.14359443
128,PROT,1005,12,monocyte,0.7627079,-0.42722404,0.15014316
128,PROT,1006,12,monocyte,0.76993126,-0.43186355,0.13829355
128,PROT,1007,12,monocyte,0.8288129,-0.5351808,0.13926621
128,PROT,1008,12,monocyte,0.8497704,-0.52968025,0.1619744
128,PROT,1009,12,monocyte,0.7574663,-0.43938187,0.13753743
128,PROT,1010,10,macrophage,0.4225311,0.20173499,-0.051717717
128,PROT,1011,12,monocyte,0.74332297,-0.46635953,0.12947772
128,PROT,1012,12,monocyte,0.75878835,-0.44090834,0.13750255
128,PROT,1013,10,macrophage,0.302679,0.2828808,-0.09432821
128,PROT,1014,10,macrophage,0.37644225,0.15775922,-0.05536488
128,PROT,1015,12,monocyte,0.82750463,-0.529926,0.15313947
128,PROT,1016,10,macrophage,0.3637587,0.18808323,-0.027884033
128,PROT,1017,12,monocyte,0.7514292,-0.4402531,0.13509639
128,PROT,1018,12,monocyte,0.8292893,-0.52940255,0.16512094
128,PROT,1019,12,monocyte,0.8464711,-0.5620352,0.12484492
128,PROT,1020,12,monocyte,0.7469584,-0.44040236,0.14334641
128,PROT,1021,12,monocyte,0.76774454,-0.42127413,0.14670508
128,PROT,1022,12,monocyte,0.75239575,-0.45882607,0.1258668
128,PROT,1023,12,monocyte,0.7534383,-0.45890853,0.12443605
128,PROT,1024,12,monocyte,0.7520016,-0.4562242,0.12580378
128,PROT,1025,12,monocyte,0.7625318,-0.43400082,0.1488771
128,PROT,1026,12,monocyte,0.74741197,-0.45591643,0.14651355
128,PROT,1027,12,monocyte,0.7522971,-0.44867104,0.13772613
128,PROT,1028,10,macrophage,0.38829356,0.15910682,-0.043937597
128,PROT,1029,10,macrophage,0.379245,0.17516202,-0.044450004
128,PROT,1030,12,monocyte,0.75298995,-0.44919255,0.13301308
128,PROT,1031,12,monocyte,0.84563863,-0.52409184,0.14950615
128,PROT,1032,12,monocyte,0.83603066,-0.5479184,0.12448451
128,PROT,1033,10,macrophage,0.3743042,0.21863893,-0.05610909
128,PROT,1034,12,monocyte,0.751762,-0.45056725,0.13739261
128,PROT,1035,12,monocyte,0.7502785,-0.44645205,0.13200851
128,PROT,1036,12,monocyte,0.83300436,-0.5499306,0.1640094
128,PROT,1037,12,monocyte,0.85577476,-0.545336,0.15484966
128,PROT,1038,12,monocyte,0.7678658,-0.44435975,0.13208431
128,PROT,1039,12,monocyte,0.82857347,-0.46233773,0.11051759
128,PROT,1040,10,macrophage,0.38434803,0.16774026,-0.04364435
128,PROT,1041,10,macrophage,0.37538347,0.14116225,-0.041343983
128,PROT,1042,12,monocyte,0.8489908,-0.5360016,0.14936163
128,PROT,1043,12,monocyte,0.7500179,-0.45192125,0.13761732
128,PROT,1044,12,monocyte,0.76074076,-0.44707036,0.13504995
128,PROT,1045,12,monocyte,0.8135377,-0.513013,0.14546089
128,PROT,1046,12,monocyte,0.7504926,-0.4409306,0.14014922
128,PROT,1047,12,monocyte,0.7554203,-0.44310585,0.114273
128,PROT,1048,12,monocyte,0.838712,-0.5483597,0.16735914
128,PROT,1049,10,macrophage,0.38187218,0.1664927,-0.051473085
128,PROT,1050,12,monocyte,0.75912285,-0.44981217,0.14842753
128,PROT,1051,12,monocyte,0.79428315,-0.44079486,0.13501884
128,PROT,1052,10,macrophage,0.3888202,0.18325102,-0.05340628
128,PROT,1053,12,monocyte,0.7604581,-0.4302745,0.14928953
128,PROT,1054,12,monocyte,0.8477211,-0.52151567,0.14142399
128,PROT,1055,12,monocyte,0.7613528,-0.43886527,0.13888974
128,PROT,1056,10,macrophage,0.36728626,0.17303458,-0.046912525
128,PROT,1057,12,monocyte,0.75127506,-0.45590198,0.1417017
128,PROT,1058,10,macrophage,0.36705586,0.14521006,-0.061216686
128,PROT,1059,10,macrophage,0.37681696,0.16298026,-0.05588236
128,PROT,1060,12,monocyte,0.7625966,-0.43502253,0.13344754
128,PROT,1061,12,monocyte,0.75021017,-0.4577631,0.13691382
128,PROT,1062,12,monocyte,0.7481917,-0.44466743,0.14527366
128,PROT,1063,12,monocyte,0.7524942,-0.45029825,0.12555617
128,PROT,1064,12,monocyte,0.76119673,-0.4329664,0.1416936
128,PROT,1065,12,monocyte,0.7535426,-0.43879843,0.14214803
128,PROT,1066,12,monocyte,0.7680398,-0.44798303,0.13537577
128,PROT,1067,10,macrophage,0.3772583,0.16769668,-0.056909177
128,PROT,1068,10,macrophage,0.37700677,0.18353921,-0.054768268
128,PROT,1069,10,macrophage,0.39087647,0.15992412,-0.04516531
128,PROT,1070,12,monocyte,0.752383,-0.44611678,0.13518317
128,PROT,1071,10,macrophage,0.2889915,0.2992607,-0.095057294
128,PROT,1072,12,monocyte,0.7616731,-0.43128482,0.1356751
128,PROT,1073,12,monocyte,0.7571883,-0.43763664,0.13167924
128,PROT,1074,12,monocyte,0.7629138,-0.44076058,0.13522042
128,PROT,1075,12,monocyte,0.7487008,-0.4536926,0.12312299
128,PROT,1076,12,monocyte,0.7626351,-0.44890156,0.1371388
128,PROT,1077,12,monocyte,0.83566666,-0.42812905,0.12136352
128,PROT,1078,12,monocyte,0.83427304,-0.4978041,0.15195833
128,PROT,1079,10,macrophage,0.37460795,0.18982738,-0.052901614
128,PROT,1080,12,monocyte,0.8464283,-0.56533474,0.15223844
128,PROT,1081,12,monocyte,0.75393987,-0.44259667,0.14439654
128,PROT,1082,10,macrophage,0.3079051,0.28541008,-0.08426979
128,PROT,1083,12,monocyte,0.74548775,-0.4566352,0.12860028
128,PROT,1084,12,monocyte,0.7521747,-0.43690068,0.14260979
128,PROT,1085,12,monocyte,0.7474551,-0.46509156,0.12673709
128,PROT,1086,12,monocyte,0.8627527,-0.5271018,0.17704073
128,PROT,1087,10,macrophage,0.37096816,0.15006733,-0.04917712
128,PROT,1088,12,monocyte,0.74499214,-0.4492122,0.14239623
128,PROT,1089,10,macrophage,0.40680972,0.14397377,-0.061871845
128,PROT,1090,10,macrophage,0.37011904,0.18357173,-0.048113342
128,PROT,1091,12,monocyte,0.7520556,-0.45302203,0.13943455
128,PROT,1092,12,monocyte,0.76262915,-0.44383457,0.14023384
128,PROT,1093,12,monocyte,0.7513312,-0.45440164,0.13259993
128,PROT,1094,12,monocyte,0.7543759,-0.45067757,0.122287065
128,PROT,1095,10,macrophage,0.38093176,0.1737737,-0.049777005
128,PROT,1096,12,monocyte,0.7550614,-0.4617314,0.12033734
128,PROT,1097,12,monocyte,0.75805545,-0.44630814,0.13672805
128,PROT,1098,12,monocyte,0.6901696,-0.11362321,0.05152286
128,PROT,1099,12,monocyte,0.7531446,-0.44512475,0.12046294
128,PROT,1100,12,monocyte,0.7484654,-0.4471003,0.13985457
128,PROT,1101,12,monocyte,0.75606894,-0.44129932,0.13378465
128,PROT,1102,12,monocyte,0.7523124,-0.44158083,0.14163575
128,PROT,1103,12,monocyte,0.7505442,-0.43316388,0.1550651
128,PROT,1104,10,macrophage,0.30519587,0.27167624,-0.070220545
128,PROT,1105,12,monocyte,0.81784934,-0.4636265,0.13628957
128,PROT,1106,10,macrophage,0.3767244,0.15364501,-0.04437073
128,PROT,1107,12,monocyte,0.7560967,-0.4476278,0.13667187
128,PROT,1108,10,macrophage,0.37654248,0.17841738,-0.036851585
128,PROT,1109,12,monocyte,0.8295716,-0.5423486,0.18093768
128,PROT,1110,12,monocyte,0.76639247,-0.44907814,0.1170923
128,PROT,1111,12,monocyte,0.76395226,-0.44171244,0.13383304
128,PROT,1112,12,monocyte,0.7505784,-0.4374485,0.14883696
128,PROT,1113,12,monocyte,0.83901495,-0.5097428,0.13611427
128,PROT,1114,12,monocyte,0.82657903,-0.5177757,0.17065315
128,PROT,1115,12,monocyte,0.7627646,-0.44832665,0.12139581
128,PROT,1116,12,monocyte,0.76589674,-0.4503555,0.13092846
128,PROT,1117,10,macrophage,0.5308083,0.03861644,-0.028932802
128,PROT,1118,10,macrophage,0.37288275,0.15667683,-0.06022327
128,PROT,1119,12,monocyte,0.74859667,-0.44977775,0.13486291
128,PROT,1120,10,macrophage,0.5941946,-0.02604835,0.014295278
128,PROT,1121,12,monocyte,0.77952033,-0.3657553,0.09933409
128,PROT,1122,12,monocyte,0.7644019,-0.4317599,0.14643554
128,PROT,1123,12,monocyte,0.7470441,-0.44326922,0.14807217
128,PROT,1124,12,monocyte,0.835238,-0.41408777,0.13148066
128,PROT,1125,12,monocyte,0.7425511,-0.4424842,0.1348977
128,PROT,1126,10,macrophage,0.34290114,0.25625113,-0.056179125
128,PROT,1127,12,monocyte,0.75614405,-0.45718694,0.13055266
128,PROT,1128,10,macrophage,0.3828243,0.2253479,-0.04506481
128,PROT,1129,12,monocyte,0.86333334,-0.5425753,0.15051645
128,PROT,1130,12,monocyte,0.7538328,-0.45511568,0.13855031
128,PROT,1131,12,monocyte,0.8273659,-0.5232833,0.14435129
128,PROT,1132,12,monocyte,0.62836635,-0.116930634,0.0018894766
128,PROT,1133,12,monocyte,0.7603997,-0.43743837,0.14113435
128,PROT,1134,12,monocyte,0.7643784,-0.43284646,0.13688874
128,PROT,1135,10,macrophage,0.3894383,0.19535634,-0.04009444
128,PROT,1136,12,monocyte,0.8253823,-0.50764734,0.15816778
128,PROT,1137,12,monocyte,0.8259096,-0.530959,0.16112539
128,PROT,1138,10,macrophage,0.38743094,0.15565073,-0.047892977
128,PROT,1139,12,monocyte,0.7665465,-0.44335487,0.12838663
128,PROT,1140,12,monocyte,0.76017904,-0.43084168,0.13742343
128,PROT,1141,12,monocyte,0.74839455,-0.4536176,0.13461158
128,PROT,1142,12,monocyte,0.7587286,-0.44365758,0.13975073
128,PROT,1143,10,macrophage,0.38335198,0.15961647,-0.028850347
128,PROT,1144,10,macrophage,0.38810584,0.17914298,-0.045565557
128,PROT,1145,10,macrophage,0.38858923,0.16422883,-0.045469772
128,PROT,1146,12,monocyte,0.7606015,-0.44482082,0.1255185
128,PROT,1147,10,macrophage,0.36421388,0.16357124,-0.04451107
128,PROT,1148,12,monocyte,0.7602228,-0.43814996,0.13582784
128,PROT,1149,12,monocyte,0.7410135,-0.45752764,0.12772234
128,PROT,1150,12,monocyte,0.8204949,-0.592736,0.09871943
128,PROT,1151,12,monocyte,0.7566043,-0.44612962,0.13877116
128,PROT,1152,12,monocyte,0.87397516,-0.5204212,0.15560994
128,PROT,1153,12,monocyte,0.8319489,-0.46764788,0.13490893
128,PROT,1154,12,monocyte,0.8262452,-0.5513108,0.1353666
128,PROT,1155,12,monocyte,0.748236,-0.4578299,0.13401508
128,PROT,1156,10,macrophage,0.37482765,0.14753866,-0.058472853
128,PROT,1157,10,macrophage,0.39443585,0.17387554,-0.033096116
128,PROT,1158,12,monocyte,0.7482543,-0.4538884,0.13513738
128,PROT,1159,10,macrophage,0.28987497,0.30115044,-0.098618105
128,PROT,1160,12,monocyte,0.7645985,-0.4576545,0.12097739
128,PROT,1161,12,monocyte,0.7525739,-0.44235584,0.13422
128,PROT,1162,12,monocyte,0.8254469,-0.5294706,0.14773709
128,PROT,1163,12,monocyte,0.7468813,-0.45167312,0.1215958
128,PROT,1164,12,monocyte,0.7708938,-0.43491727,0.14070578
128,PROT,1165,12,monocyte,0.8222666,-0.54287624,0.13325696
128,PROT,1166,12,monocyte,0.7525594,-0.4339755,0.13031198
128,PROT,1167,12,monocyte,0.7656591,-0.44036046,0.13035086
128,PROT,1168,10,macrophage,0.34080493,0.22801319,-0.06627691
128,PROT,1169,10,macrophage,0.34120414,0.26161656,-0.07177292
128,PROT,1170,10,macrophage,0.38626394,0.16710216,-0.03818697
128,PROT,1171,12,monocyte,0.8608668,-0.5359757,0.1506551
128,PROT,1172,10,macrophage,0.38082576,0.168246,-0.039586212
128,PROT,1173,12,monocyte,0.7484039,-0.44184193,0.13734066
128,PROT,1174,12,monocyte,0.8221617,-0.5403327,0.16568227
128,PROT,1175,12,monocyte,0.7653654,-0.42917678,0.15033413
128,PROT,1176,12,monocyte,0.854447,-0.50582016,0.15592512
128,PROT,1177,12,monocyte,0.75851846,-0.4369458,0.14645602
128,PROT,1178,10,macrophage,0.392152,0.17229927,-0.042775374
128,PROT,1179,12,monocyte,0.74930346,-0.48165268,0.094602406
128,PROT,1180,12,monocyte,0.7505557,-0.44923493,0.13016646
128,PROT,1181,12,monocyte,0.7503557,-0.45334384,0.138428
128,PROT,1182,12,monocyte,0.8423257,-0.55351263,0.13960503
128,PROT,1183,10,macrophage,0.4014919,0.19981551,-0.041424993
128,PROT,1184,12,monocyte,0.7630223,-0.4301933,0.13560921
128,PROT,1185,12,monocyte,0.7569133,-0.43135148,0.15114118
128,PROT,1186,12,monocyte,0.75634086,-0.44283918,0.123332575
128,PROT,1187,12,monocyte,0.75350684,-0.45350757,0.117094755
128,PROT,1188,12,monocyte,0.75602543,-0.4395644,0.14981863
128,PROT,1189,12,monocyte,0.7536009,-0.45630285,0.11283907
128,PROT,1190,12,monocyte,0.8460158,-0.5251259,0.1589006
128,PROT,1191,12,monocyte,0.75635886,-0.4512147,0.12860349
128,PROT,1192,12,monocyte,0.7488891,-0.46398023,0.12798817
128,PROT,1193,10,macrophage,0.39236802,0.1683968,-0.038464207
128,PROT,1194,12,monocyte,0.8523885,-0.5114672,0.1726226
128,PROT,1195,12,monocyte,0.8381572,-0.5332794,0.15223828
128,PROT,1196,12,monocyte,0.8246352,-0.53122026,0.14688513
128,PROT,1197,10,macrophage,0.36095533,0.18718839,-0.054029416
128,PROT,1198,10,macrophage,0.37598628,0.18895575,-0.035990737
128,PROT,1199,10,macrophage,0.3691801,0.17891675,-0.0580098
128,PROT,1200,10,macrophage,0.38724127,0.16328618,-0.045530733
128,PROT,1201,12,monocyte,0.821606,-0.39253017,0.1325357
128,PROT,1202,12,monocyte,0.7501457,-0.4479293,0.12060478
128,PROT,1203,10,macrophage,0.37055647,0.14653349,-0.043621283
128,PROT,1204,12,monocyte,0.74224,-0.48602337,0.09917821
128,PROT,1205,10,macrophage,0.37336627,0.14968652,-0.056584936
128,PROT,1206,12,monocyte,0.75768816,-0.44128808,0.15107515
128,PROT,1207,12,monocyte,0.7691314,-0.43828434,0.13311648
128,PROT,1208,12,monocyte,0.86114395,-0.5034265,0.15730278
128,PROT,1209,10,macrophage,0.38351458,0.16286555,-0.049624693
128,PROT,1210,10,macrophage,0.3809004,0.17510194,-0.055500124
128,PROT,1211,12,monocyte,0.75569546,-0.44952473,0.12170519
128,PROT,1212,12,monocyte,0.82597256,-0.54406965,0.1695351
128,PROT,1213,12,monocyte,0.84951305,-0.5060935,0.16348176
128,PROT,1214,12,monocyte,0.8350491,-0.50594723,0.18480258
128,PROT,1215,10,macrophage,0.38381344,0.17593038,-0.043276165
128,PROT,1216,12,monocyte,0.74304414,-0.44286132,0.14703721
128,PROT,1217,12,monocyte,0.74110067,-0.45586643,0.11835635
128,PROT,1218,10,macrophage,0.31593823,0.2561745,-0.094301134
128,PROT,1219,12,monocyte,0.7739637,-0.42546633,0.14302856
128,PROT,1220,12,monocyte,0.7741953,-0.4336961,0.13256317
128,PROT,1221,12,monocyte,0.76284766,-0.43927923,0.123245105
128,PROT,1222,12,monocyte,0.7605033,-0.44002005,0.12602806
128,PROT,1223,12,monocyte,0.7573662,-0.44656166,0.12641972
128,PROT,1224,12,monocyte,0.7497856,-0.46077934,0.116483256
128,PROT,1225,12,monocyte,0.7632482,-0.427435,0.15275389
128,PROT,1226,10,macrophage,0.39812344,0.1538952,-0.04084311
128,PROT,1227,10,macrophage,0.37199885,0.14765611,-0.05470961
128,PROT,1228,12,monocyte,0.7444543,-0.44632787,0.15203352
128,PROT,1229,12,monocyte,0.7542851,-0.4453049,0.14809574
128,PROT,1230,12,monocyte,0.82367074,-0.5278766,0.16488066
128,PROT,1231,10,macrophage,0.2815314,0.2975666,-0.08730647
128,PROT,1232,12,monocyte,0.75490797,-0.43987653,0.13661508
128,PROT,1233,10,macrophage,0.40853167,0.16921702,-0.053869788
128,PROT,1234,10,macrophage,0.40024564,0.14468381,-0.031978756
128,PROT,1235,12,monocyte,0.80651784,-0.5224676,0.1548472
128,PROT,1236,10,macrophage,0.36593023,0.18960127,-0.057306472
128,PROT,1237,10,macrophage,0.39305663,0.1666896,-0.057957184
128,PROT,1238,12,monocyte,0.76611453,-0.43771344,0.13774756
128,PROT,1239,12,monocyte,0.843246,-0.5423687,0.15558904
128,PROT,1240,12,monocyte,0.85262406,-0.47437218,0.13763262
128,PROT,1241,12,monocyte,0.74879897,-0.45652962,0.13421021
128,PROT,1242,12,monocyte,0.7368746,-0.46104887,0.12239635
128,PROT,1243,12,monocyte,0.7519375,-0.43454006,0.14455548
128,PROT,1244,10,macrophage,0.38260946,0.16416392,-0.062120494
128,PROT,1245,10,macrophage,0.36026946,0.2168681,-0.07407385
128,PROT,1246,10,macrophage,0.36852473,0.1645571,-0.05652583
128,PROT,1247,12,monocyte,0.75574034,-0.44974637,0.14389038
128,PROT,1248,12,monocyte,0.75170195,-0.44795865,0.14023052
128,PROT,1249,10,macrophage,0.30006653,0.29333225,-0.09209503
128,PROT,1250,10,macrophage,0.37381372,0.1821523,-0.053662587
128,PROT,1251,12,monocyte,0.75713104,-0.439626,0.13930719
128,PROT,1252,12,monocyte,0.7495134,-0.43256223,0.14334442
128,PROT,1253,12,monocyte,0.75129867,-0.44351783,0.13794464
128,PROT,1254,12,monocyte,0.74921995,-0.45412347,0.13132434
128,PROT,1255,12,monocyte,0.7513507,-0.4530794,0.14028409
128,PROT,1256,12,monocyte,0.7460029,-0.45030808,0.12939447
128,PROT,1257,12,monocyte,0.7592875,-0.4299436,0.14199229
128,PROT,1258,12,monocyte,0.7492444,-0.448543,0.14736678
128,PROT,1259,12,monocyte,0.75230944,-0.4548781,0.121143326
128,PROT,1260,12,monocyte,0.74894667,-0.45441154,0.116908506
128,PROT,1261,12,monocyte,0.8286871,-0.52671593,0.16140811
128,PROT,1262,12,monocyte,0.74836445,-0.4512552,0.14258994
128,PROT,1263,12,monocyte,0.8472321,-0.5266992,0.14060917
128,PROT,1264,12,monocyte,0.75543797,-0.44011885,0.1457503
128,PROT,1265,10,macrophage,0.4713776,0.13449559,-0.038124498
128,PROT,1266,10,macrophage,0.38734972,0.15535039,-0.051448803
128,PROT,1267,12,monocyte,0.7481938,-0.44902894,0.13477603
128,PROT,1268,10,macrophage,0.37836707,0.16892725,-0.03325891
128,PROT,1269,10,macrophage,0.33496696,0.25639045,-0.07113603
128,PROT,1270,12,monocyte,0.75067407,-0.45664516,0.14368197
128,PROT,1271,12,monocyte,0.7607039,-0.44620088,0.119317934
128,PROT,1272,12,monocyte,0.747039,-0.45159164,0.1466825
128,PROT,1273,10,macrophage,0.4630039,0.12305649,-0.052927997
128,PROT,1274,12,monocyte,0.75524974,-0.44360417,0.14917034
128,PROT,1275,12,monocyte,0.6929451,-0.17238516,0.040393658
128,PROT,1276,10,macrophage,0.47152495,0.07269858,-0.053730708
128,PROT,1277,10,macrophage,0.38087383,0.18120766,-0.05366602
128,PROT,1278,10,macrophage,0.3603695,0.1565586,-0.05229779
128,PROT,1279,12,monocyte,0.84855413,-0.5242132,0.13320722
128,PROT,1280,12,monocyte,0.8161706,-0.48109877,0.13731816
128,PROT,1281,12,monocyte,0.8231162,-0.5347792,0.15203166
128,PROT,1282,12,monocyte,0.7512146,-0.43630496,0.13399296
128,PROT,1283,12,monocyte,0.75112927,-0.45267263,0.116785824
128,PROT,1284,12,monocyte,0.7505102,-0.44850567,0.12698814
128,PROT,1285,10,macrophage,0.41118506,0.1429612,-0.06977756
128,PROT,1286,12,monocyte,0.7614157,-0.4555239,0.11577481
128,PROT,1287,12,monocyte,0.8148085,-0.49816918,0.17993104
128,PROT,1288,12,monocyte,0.83127666,-0.5233332,0.16159078
128,PROT,1289,12,monocyte,0.7492708,-0.44675782,0.14494108
128,PROT,1290,10,macrophage,0.40128112,0.1886262,-0.04421522
128,PROT,1291,12,monocyte,0.7537708,-0.44982615,0.11956222
128,PROT,1292,12,monocyte,0.830529,-0.47308028,0.15050569
128,PROT,1293,12,monocyte,0.7618675,-0.43234596,0.16019545
128,PROT,1294,12,monocyte,0.7500975,-0.46210888,0.12082182
128,PROT,1295,10,macrophage,0.38178068,0.16590163,-0.04309332
128,PROT,1296,12,monocyte,0.85641396,-0.5036832,0.12034863
128,PROT,1297,12,monocyte,0.744997,-0.45233092,0.121011436
128,PROT,1298,12,monocyte,0.82784164,-0.46785423,0.13844179
128,PROT,1299,12,monocyte,0.74362063,-0.44794548,0.13593951
128,PROT,1300,12,monocyte,0.75911117,-0.44158196,0.14662257
128,PROT,1301,12,monocyte,0.7682481,-0.4400285,0.15501732
128,PROT,1302,12,monocyte,0.75676775,-0.43393326,0.15131114
128,PROT,1303,10,macrophage,0.38309544,0.17220473,-0.05724443
128,PROT,1304,10,macrophage,0.38011378,0.18057662,-0.05742189
128,PROT,1305,10,macrophage,0.413738,0.1566866,-0.039310377
128,PROT,1306,12,monocyte,0.75864506,-0.45264834,0.13251345
128,PROT,1307,12,monocyte,0.7485423,-0.4559173,0.12686324
128,PROT,1308,12,monocyte,0.79573846,-0.5074372,0.13022128
128,PROT,1309,12,monocyte,0.85419226,-0.53899336,0.1514775
128,PROT,1310,12,monocyte,0.7536276,-0.44926912,0.1469417
128,PROT,1311,12,monocyte,0.76507163,-0.42885548,0.1308551
128,PROT,1312,12,monocyte,0.81271607,-0.5126157,0.13438442
128,PROT,1313,10,macrophage,0.38309628,0.17105821,-0.04554155
128,PROT,1314,12,monocyte,0.7538529,-0.44683096,0.12396054
128,PROT,1315,10,macrophage,0.30394024,0.3029238,-0.078137234
128,PROT,1316,10,macrophage,0.3799928,0.16599765,-0.048756268
128,PROT,1317,12,monocyte,0.75856984,-0.43343818,0.13147512
128,PROT,1318,12,monocyte,0.7536889,-0.44543043,0.1338788
128,PROT,1319,12,monocyte,0.7450496,-0.4404772,0.14772448
128,PROT,1320,12,monocyte,0.8303907,-0.52988154,0.1387378
128,PROT,1321,12,monocyte,0.75505507,-0.45134252,0.13850616
128,PROT,1322,10,macrophage,0.3841655,0.17461923,-0.04948425
128,PROT,1323,12,monocyte,0.75136137,-0.45548135,0.108991936
128,PROT,1324,10,macrophage,0.31889233,0.25347275,-0.07483451
128,PROT,1325,12,monocyte,0.8568953,-0.52150375,0.14323597
128,PROT,1326,12,monocyte,0.7619415,-0.4484713,0.14184532
128,PROT,1327,10,macrophage,0.3851778,0.17861769,-0.04675201
128,PROT,1328,10,macrophage,0.36697292,0.17974389,-0.043355543
128,PROT,1329,10,macrophage,0.3614814,0.15942794,-0.04393499
128,PROT,1330,12,monocyte,0.82739985,-0.54659784,0.15218504
128,PROT,1331,12,monocyte,0.7716135,-0.45533684,0.12342088
128,PROT,1332,12,monocyte,0.8345684,-0.5116476,0.15063553
128,PROT,1333,10,macrophage,0.40272963,0.20529735,-0.075939134
128,PROT,1334,10,macrophage,0.37243217,0.15746373,-0.049907643
128,PROT,1335,12,monocyte,0.75401235,-0.4584391,0.12206133
128,PROT,1336,12,monocyte,0.8357599,-0.53284615,0.13909061
128,PROT,1337,12,monocyte,0.83196324,-0.5145585,0.16246235
128,PROT,1338,10,macrophage,0.3730026,0.15741298,-0.04026326
128,PROT,1339,12,monocyte,0.830948,-0.5058377,0.13055103
128,PROT,1340,12,monocyte,0.74760854,-0.4595648,0.13818665
128,PROT,1341,10,macrophage,0.36810756,0.16765198,-0.057091203
128,PROT,1342,10,macrophage,0.38948065,0.17679712,-0.03674621
128,PROT,1343,12,monocyte,0.7560407,-0.44758737,0.13705674
128,PROT,1344,12,monocyte,0.73572135,-0.28105244,0.050790068
128,PROT,1345,12,monocyte,0.75397265,-0.43470582,0.13758472
128,PROT,1346,12,monocyte,0.75075984,-0.45540366,0.13038902
128,PROT,1347,10,macrophage,0.464634,0.1407417,-0.017275613
128,PROT,1348,12,monocyte,0.83478594,-0.5052031,0.17758623
128,PROT,1349,12,monocyte,0.7577306,-0.43582934,0.15007427
128,PROT,1350,12,monocyte,0.7539698,-0.4444177,0.124056116
128,PROT,1351,12,monocyte,0.74774194,-0.4613905,0.12437728
128,PROT,1352,12,monocyte,0.7619101,-0.4412868,0.1401106
128,PROT,1353,12,monocyte,0.7530858,-0.44637746,0.14307433
128,PROT,1354,12,monocyte,0.762892,-0.4470763,0.13001001
128,PROT,1355,12,monocyte,0.8186351,-0.45370352,0.1410908
128,PROT,1356,12,monocyte,0.7448447,-0.47238028,0.123762816
128,PROT,1357,10,macrophage,0.35123733,0.2704951,-0.06925452
128,PROT,1358,12,monocyte,0.76838255,-0.4433393,0.1265757
128,PROT,1359,12,monocyte,0.7480836,-0.45830694,0.12295687
128,PROT,1360,12,monocyte,0.83260655,-0.52662545,0.14750142
128,PROT,1361,10,macrophage,0.36611828,0.18648914,-0.0495908
128,PROT,1362,12,monocyte,0.74695164,-0.46884093,0.123444855
128,PROT,1363,12,monocyte,0.81971025,-0.5411714,0.1525192
128,PROT,1364,12,monocyte,0.75289625,-0.45910147,0.11136863
128,PROT,1365,12,monocyte,0.75948787,-0.44626224,0.13782832
128,PROT,1366,12,monocyte,0.8226606,-0.5590273,0.15006992
128,PROT,1367,12,monocyte,0.7590504,-0.4464618,0.13356619
128,PROT,1368,12,monocyte,0.76022005,-0.4386026,0.13870488
128,PROT,1369,12,monocyte,0.74276817,-0.46943766,0.13366891
128,PROT,1370,10,macrophage,0.3651482,0.22382933,-0.059261013
128,PROT,1371,12,monocyte,0.7557392,-0.23991895,0.08546418
128,PROT,1372,12,monocyte,0.7565062,-0.4370649,0.14526647
128,PROT,1373,12,monocyte,0.7735739,-0.44629017,0.13801003
128,PROT,1374,12,monocyte,0.7674593,-0.45072106,0.1469267
128,PROT,1375,10,macrophage,0.39107126,0.17485467,-0.07780032
128,PROT,1376,12,monocyte,0.82504904,-0.51739764,0.16704673
128,PROT,1377,12,monocyte,0.78674996,-0.30589628,0.14824995
128,PROT,1378,12,monocyte,0.75182354,-0.44874057,0.1582086
128,PROT,1379,12,monocyte,0.85031307,-0.49518478,0.14868684
128,PROT,1380,10,macrophage,0.3708824,0.17659494,-0.059705246
128,PROT,1381,12,monocyte,0.7654606,-0.42909077,0.13535617
128,PROT,1382,10,macrophage,0.36496067,0.17263153,-0.04936556
128,PROT,1383,12,monocyte,0.81436014,-0.5352694,0.112476826
128,PROT,1384,12,monocyte,0.7430085,-0.44653338,0.13959996
128,PROT,1385,12,monocyte,0.8184365,-0.520034,0.14994036
128,PROT,1386,12,monocyte,0.75261545,-0.44548735,0.13649988
128,PROT,1387,12,monocyte,0.75742126,-0.43020105,0.14160445
128,PROT,1388,10,macrophage,0.3255271,0.28429207,-0.07337442
128,PROT,1389,12,monocyte,0.7591238,-0.42690223,0.1390591
128,PROT,1390,12,monocyte,0.7519337,-0.44315958,0.13380031
128,PROT,1391,12,monocyte,0.7549598,-0.44306785,0.119750425
128,PROT,1392,12,monocyte,0.7486085,-0.451423,0.14259486
128,PROT,1393,12,monocyte,0.7547357,-0.44819933,0.12070148
128,PROT,1394,10,macrophage,0.36321703,0.17682838,-0.04818293
128,PROT,1395,10,macrophage,0.38639957,0.14839706,-0.06593038
128,PROT,1396,10,macrophage,0.59931564,-0.059598282,0.00700303
128,PROT,1397,12,monocyte,0.8311825,-0.48299024,0.15658343
128,PROT,1398,12,monocyte,0.7491245,-0.44842264,0.14552331
128,PROT,1399,10,macrophage,0.36942717,0.16814733,-0.051909294
128,PROT,1400,12,monocyte,0.76696503,-0.4348349,0.1491203
128,PROT,1401,10,macrophage,0.38043535,0.17547497,-0.05397791
128,PROT,1402,12,monocyte,0.7614904,-0.44703668,0.14697771
128,PROT,1403,12,monocyte,0.7653171,-0.44496903,0.12836662
128,PROT,1404,12,monocyte,0.8302514,-0.51848745,0.14347151
128,PROT,1405,10,macrophage,0.28076407,0.2890588,-0.08338472
128,PROT,1406,12,monocyte,0.8346312,-0.5353159,0.13712703
128,PROT,1407,12,monocyte,0.748159,-0.4586995,0.13414319
128,PROT,1408,12,monocyte,0.8150102,-0.5386379,0.17333746
128,PROT,1409,12,monocyte,0.85329473,-0.5201959,0.15460676
128,PROT,1410,10,macrophage,0.3856498,0.16981214,-0.049245153
128,PROT,1411,12,monocyte,0.7517373,-0.44566962,0.13647625
128,PROT,1412,12,monocyte,0.748375,-0.44668365,0.122945026
128,PROT,1413,12,monocyte,0.7472023,-0.46475685,0.1475459
128,PROT,1414,12,monocyte,0.7629734,-0.43636203,0.12559769
128,PROT,1415,12,monocyte,0.75543594,-0.44443583,0.12952556
128,PROT,1416,10,macrophage,0.38116902,0.15533897,-0.039741535
128,PROT,1417,12,monocyte,0.81291586,-0.5067204,0.14195766
128,PROT,1418,12,monocyte,0.7556574,-0.4569311,0.11208448
128,PROT,1419,12,monocyte,0.8112953,-0.5116851,0.1535062
128,PROT,1420,10,macrophage,0.31615627,0.26986974,-0.0801847
128,PROT,1421,12,monocyte,0.8342552,-0.4920063,0.17392507
128,PROT,1422,12,monocyte,0.7594377,-0.4499442,0.12720558
128,PROT,1423,12,monocyte,0.75214577,-0.45776817,0.13045336
128,PROT,1424,12,monocyte,0.7427751,-0.44009814,0.13650651
128,PROT,1425,10,macrophage,0.38481274,0.18223384,-0.051733363
128,PROT,1426,12,monocyte,0.7525982,-0.45317343,0.12845072
128,PROT,1427,12,monocyte,0.759493,-0.4535171,0.119451
128,PROT,1428,12,monocyte,0.81564844,-0.52003115,0.15145169
128,PROT,1429,12,monocyte,0.7577915,-0.4494813,0.13510379
128,PROT,1430,12,monocyte,0.81058025,-0.5078304,0.15302247
128,PROT,1431,12,monocyte,0.7661053,-0.43860123,0.118503675
128,PROT,1432,10,macrophage,0.37756252,0.14994976,-0.050135013
128,PROT,1433,12,monocyte,0.770561,-0.4350454,0.12417492
128,PROT,1434,12,monocyte,0.8169583,-0.50494295,0.16621585
128,PROT,1435,10,macrophage,0.32403624,0.2530033,-0.07136047
128,PROT,1436,10,macrophage,0.37162375,0.15594491,-0.04749651
128,PROT,1437,12,monocyte,0.8329859,-0.48546436,0.17344399
128,PROT,1438,12,monocyte,0.7452227,-0.4597774,0.12204504
128,PROT,1439,10,macrophage,0.3864768,0.16367382,-0.041201103
128,PROT,1440,12,monocyte,0.7652897,-0.4307658,0.14943731
128,PROT,1441,12,monocyte,0.864025,-0.54509646,0.15176976
128,PROT,1442,12,monocyte,0.7593061,-0.45016563,0.11567691
128,PROT,1443,12,monocyte,0.75975376,-0.4480524,0.12290318
128,PROT,1444,10,macrophage,0.51472193,0.033015113,-0.03389068
128,PROT,1445,10,macrophage,0.37850142,0.16579416,-0.048458647
128,PROT,1446,12,monocyte,0.7561709,-0.4515653,0.12952082
128,PROT,1447,12,monocyte,0.8382377,-0.5160872,0.15972915
128,PROT,1448,12,monocyte,0.84929585,-0.48350972,0.1530739
128,PROT,1449,12,monocyte,0.7525805,-0.44624937,0.13924395
128,PROT,1450,12,monocyte,0.7981137,-0.49932876,0.15686023
128,PROT,1451,10,macrophage,0.37006152,0.24235675,-0.06891893
128,PROT,1452,12,monocyte,0.75095284,-0.46311378,0.12477471
128,PROT,1453,12,monocyte,0.75158435,-0.43763602,0.13388442
128,PROT,1454,12,monocyte,0.7388416,-0.45290777,0.1377297
128,PROT,1455,12,monocyte,0.8351299,-0.5380406,0.16968085
128,PROT,1456,12,monocyte,0.756474,-0.4461741,0.13001311
128,PROT,1457,10,macrophage,0.36681378,0.15213612,-0.04949631
128,PROT,1458,12,monocyte,0.82932436,-0.5334955,0.1747181
128,PROT,1459,10,macrophage,0.30807897,0.24899912,-0.08652587
128,PROT,1460,12,monocyte,0.7931525,-0.3779091,0.10302138
128,PROT,1461,12,monocyte,0.7584978,-0.4434716,0.1330126
128,PROT,1462,12,monocyte,0.8633287,-0.5179228,0.16659337
128,PROT,1463,12,monocyte,0.76598763,-0.44245926,0.15545684
128,PROT,1464,10,macrophage,0.38149595,0.16605002,-0.036688637
128,PROT,1465,12,monocyte,0.7615007,-0.43003055,0.12908193
128,PROT,1466,12,monocyte,0.8399992,-0.49314445,0.104260966
128,PROT,1467,12,monocyte,0.8350457,-0.5320452,0.14184378
128,PROT,1468,12,monocyte,0.8458104,-0.51967734,0.14515024
128,PROT,1469,12,monocyte,0.8242987,-0.5177526,0.16797704
128,PROT,1470,12,monocyte,0.7582376,-0.43934909,0.14019415
128,PROT,1471,12,monocyte,0.7619211,-0.42757612,0.1370811
128,PROT,1472,12,monocyte,0.75714684,-0.43970102,0.13646437
128,PROT,1473,12,monocyte,0.75458527,-0.4597806,0.1356264
128,PROT,1474,12,monocyte,0.835512,-0.57065433,0.14825453
128,PROT,1475,12,monocyte,0.75620925,-0.43945852,0.12981483
128,PROT,1476,12,monocyte,0.7659081,-0.44315365,0.13131273
128,PROT,1477,12,monocyte,0.75675505,-0.45078132,0.13213967
128,PROT,1478,12,monocyte,0.7510835,-0.4543664,0.12285639
128,PROT,1479,12,monocyte,0.8441806,-0.54394513,0.16808817
128,PROT,1480,12,monocyte,0.74667597,-0.46599683,0.124105245
128,PROT,1481,12,monocyte,0.7483398,-0.47968274,0.11537212
128,PROT,1482,12,monocyte,0.7568664,-0.42948616,0.13347082
128,PROT,1483,12,monocyte,0.74813163,-0.44588345,0.14119048
128,PROT,1484,10,macrophage,0.31108654,0.29619765,-0.07102582
128,PROT,1485,12,monocyte,0.7449194,-0.46997777,0.10385698
128,PROT,1486,10,macrophage,0.34834746,0.25516388,-0.079232275
128,PROT,1487,10,macrophage,0.37620744,0.16559511,-0.04634438
128,PROT,1488,10,macrophage,0.45663846,0.1533623,-0.037210647
128,PROT,1489,10,macrophage,0.37970313,0.17288828,-0.04700118
